event_id,event_name,participant_email,event_start,event_end
70838584,Board of Directors Meeting,Yuki.Tanaka@company.com,2023-10-01 10:00:00,2023-10-01 11:00:00
96310448,Employee Recognition Ceremony,Santiago.Martinez@company.com,2023-10-01 11:30:00,2023-10-01 12:00:00
19913652,Risk Management Roundtable,Anaya.Patel@company.com,2023-10-01 12:00:00,2023-10-01 12:30:00
12751880,Digital Transformation Summit,Lena.Schmidt@company.com,2023-10-01 12:30:00,2023-10-01 14:00:00
49052692,New Hire Orientation,Olga.Petrova@company.com,2023-10-01 14:00:00,2023-10-01 14:30:00
08879970,Executive Leadership Offsite,Nadia.Moreau@company.com,2023-10-01 14:30:00,2023-10-01 16:30:00
92375630,Corporate Governance Training,Sofia.Santos@company.com,2023-10-02 09:30:00,2023-10-02 11:30:00
70337115,Internal Audit Summary,Aisha.Chen@company.com,2023-10-02 11:30:00,2023-10-02 13:00:00
84997743,Financial Forecasting Meeting,Chenwei.Zhang@company.com,2023-10-02 13:00:00,2023-10-02 13:30:00
01010760,Vendor Selection Panel,Anaya.Patel@company.com,2023-10-02 13:30:00,2023-10-02 16:00:00
85187840,Innovation Hackathon,Anaya.Patel@company.com,2023-10-03 09:00:00,2023-10-03 09:30:00
68919435,Organizational Restructuring Briefing,Aisha.Chen@company.com,2023-10-03 09:30:00,2023-10-03 10:00:00
67426220,Risk Management Roundtable,Yuki.Tanaka@company.com,2023-10-03 10:00:00,2023-10-03 13:00:00
24788345,Corporate Governance Training,Jinsoo.Kim@company.com,2023-10-03 13:00:00,2023-10-03 14:00:00
14431439,Risk Management Roundtable,Nia.Johnson@company.com,2023-10-03 14:00:00,2023-10-03 15:00:00
41971670,Cybersecurity Update Brief,Sofia.Santos@company.com,2023-10-03 15:30:00,2023-10-03 18:30:00
91152490,Risk Management Roundtable,Raj.Patel@company.com,2023-10-04 09:00:00,2023-10-04 09:30:00
52469945,Corporate Merger Integration Update,Raj.Patel@company.com,2023-10-04 09:30:00,2023-10-04 10:00:00
01396741,Cybersecurity Update Brief,Carlos.Rodriguez@company.com,2023-10-04 10:00:00,2023-10-04 10:30:00
31223556,Customer Feedback Forum,Luis.Ortiz@company.com,2023-10-04 10:30:00,2023-10-04 11:00:00
84258457,Financial Forecasting Meeting,Luis.Ortiz@company.com,2023-10-04 11:00:00,2023-10-04 11:30:00
08541372,Brand Refresh Reveal,Carlos.Rodriguez@company.com,2023-10-04 11:30:00,2023-10-04 12:30:00
71983189,Customer Service Excellence Training,Fatima.Khan@company.com,2023-10-04 12:30:00,2023-10-04 14:30:00
39690599,Organizational Restructuring Briefing,Aisha.Chen@company.com,2023-10-04 14:30:00,2023-10-04 16:30:00
34709385,Cybersecurity Update Brief,Chenwei.Zhang@company.com,2023-10-05 09:00:00,2023-10-05 09:30:00
60504836,New Hire Orientation,Fatima.Khan@company.com,2023-10-05 09:30:00,2023-10-05 10:00:00
63152123,Sales Incentive Plan Announcement,Amir.Ali@company.com,2023-10-05 10:00:00,2023-10-05 10:30:00
81996049,Customer Service Excellence Training,Raj.Patel@company.com,2023-10-05 11:00:00,2023-10-05 13:00:00
55693066,Sales Incentive Plan Announcement,Kofi.Mensah@company.com,2023-10-05 13:00:00,2023-10-05 15:00:00
93813217,Team Building Retreat,Fatima.Khan@company.com,2023-10-05 15:00:00,2023-10-05 15:30:00
31510264,Global Team Video Conference,Raj.Patel@company.com,2023-10-05 15:30:00,2023-10-05 18:00:00
19744628,Organizational Restructuring Briefing,Kofi.Mensah@company.com,2023-10-06 09:00:00,2023-10-06 10:00:00
86327811,Product Launch Debrief,Anaya.Patel@company.com,2023-10-06 10:00:00,2023-10-06 11:30:00
62878466,Employee Benefits Review,Akira.Sato@company.com,2023-10-06 11:30:00,2023-10-06 12:00:00
04109430,Quarterly Sales Review,Carlos.Rodriguez@company.com,2023-10-06 12:00:00,2023-10-06 12:30:00
32137598,Operational Excellence Conference,Aisha.Chen@company.com,2023-10-06 13:30:00,2023-10-06 14:30:00
41708452,New Hire Orientation,Santiago.Martinez@company.com,2023-10-06 14:30:00,2023-10-06 15:30:00
83333550,Operational Excellence Conference,Luis.Ortiz@company.com,2023-10-06 15:30:00,2023-10-06 17:30:00
78465253,Product Launch Debrief,Jinsoo.Kim@company.com,2023-10-07 09:30:00,2023-10-07 10:30:00
64617114,Employee Engagement Survey Results,Chenwei.Zhang@company.com,2023-10-07 10:30:00,2023-10-07 11:00:00
77803647,Innovation Hackathon,Sofia.Santos@company.com,2023-10-07 11:00:00,2023-10-07 11:30:00
00304838,Client Appreciation Gala,Kofi.Mensah@company.com,2023-10-07 12:00:00,2023-10-07 13:00:00
05290868,Corporate Social Responsibility Day,Nia.Johnson@company.com,2023-10-07 13:00:00,2023-10-07 14:00:00
17349747,Marketing Strategy Brainstorm,Jinsoo.Kim@company.com,2023-10-07 14:00:00,2023-10-07 15:00:00
97895743,Executive Leadership Offsite,Jinsoo.Kim@company.com,2023-10-07 15:00:00,2023-10-07 16:00:00
21781056,Corporate Social Responsibility Day,Nia.Johnson@company.com,2023-10-08 09:00:00,2023-10-08 09:30:00
79910918,Client Appreciation Gala,Kofi.Mensah@company.com,2023-10-08 09:30:00,2023-10-08 10:00:00
39280163,Digital Transformation Summit,Kofi.Mensah@company.com,2023-10-08 11:00:00,2023-10-08 13:00:00
45359956,New Hire Orientation,Jinsoo.Kim@company.com,2023-10-08 13:00:00,2023-10-08 13:30:00
34845473,Sales Pipeline Review,Leila.Azizi@company.com,2023-10-08 13:30:00,2023-10-08 16:30:00
08795836,Internal Audit Summary,Lena.Schmidt@company.com,2023-10-09 09:00:00,2023-10-09 09:30:00
00655742,Employee Recognition Ceremony,Yuki.Tanaka@company.com,2023-10-09 10:30:00,2023-10-09 11:00:00
77719150,Creative Ideation Session,Leila.Azizi@company.com,2023-10-09 11:00:00,2023-10-09 11:30:00
18150419,Quarterly Sales Review,Aisha.Chen@company.com,2023-10-09 11:30:00,2023-10-09 13:30:00
40969356,Strategic Planning Retreat,Dmitri.Ivanov@company.com,2023-10-09 13:30:00,2023-10-09 15:30:00
57116805,Corporate Merger Integration Update,Akira.Sato@company.com,2023-10-09 15:30:00,2023-10-09 18:00:00
41120993,Quarterly Sales Review,Yuki.Tanaka@company.com,2023-10-10 09:00:00,2023-10-10 10:30:00
44122479,Diversity and Inclusion Seminar,Chenwei.Zhang@company.com,2023-10-10 10:30:00,2023-10-10 12:30:00
48353924,New Hire Orientation,Santiago.Martinez@company.com,2023-10-10 12:30:00,2023-10-10 13:00:00
68648007,Product Launch Debrief,Anaya.Patel@company.com,2023-10-10 13:00:00,2023-10-10 13:30:00
88014792,Employee Engagement Survey Results,Luis.Ortiz@company.com,2023-10-10 14:00:00,2023-10-10 14:30:00
46677705,Creative Ideation Session,Lena.Schmidt@company.com,2023-10-10 14:30:00,2023-10-10 15:30:00
96770508,Sales Pipeline Review,Kofi.Mensah@company.com,2023-10-10 15:30:00,2023-10-10 18:30:00
12612777,Vendor Selection Panel,Carlos.Rodriguez@company.com,2023-10-11 09:30:00,2023-10-11 12:00:00
01678996,Employee Benefits Review,Olga.Petrova@company.com,2023-10-11 12:00:00,2023-10-11 15:00:00
55249248,Employee Engagement Survey Results,Luis.Ortiz@company.com,2023-10-11 15:00:00,2023-10-11 15:30:00
18492849,Project Kickoff Meeting,Kofi.Mensah@company.com,2023-10-11 15:30:00,2023-10-11 18:30:00
42437672,Risk Management Roundtable,Kofi.Mensah@company.com,2023-10-12 09:00:00,2023-10-12 09:30:00
02320138,Organizational Restructuring Briefing,Chenwei.Zhang@company.com,2023-10-12 09:30:00,2023-10-12 10:00:00
22650344,HR Policy Update Meeting,Anaya.Patel@company.com,2023-10-12 10:00:00,2023-10-12 10:30:00
61892324,IT Systems Upgrade Briefing,Kofi.Mensah@company.com,2023-10-12 10:30:00,2023-10-12 11:30:00
69265144,Supply Chain Optimization Workshop,Fatima.Khan@company.com,2023-10-12 11:30:00,2023-10-12 12:00:00
61796950,Financial Forecasting Meeting,Nia.Johnson@company.com,2023-10-12 12:00:00,2023-10-12 12:30:00
20607299,Cross-Functional Collaboration Workshop,Raj.Patel@company.com,2023-10-12 13:00:00,2023-10-12 14:00:00
91858382,Diversity and Inclusion Seminar,Fatima.Khan@company.com,2023-10-12 14:00:00,2023-10-12 14:30:00
89745709,Sustainability Initiatives Update,Lena.Schmidt@company.com,2023-10-12 14:30:00,2023-10-12 17:00:00
81621093,Global Market Expansion Discussion,Dmitri.Ivanov@company.com,2023-10-13 10:00:00,2023-10-13 10:30:00
69636033,Technology Implementation Workshop,Sofia.Santos@company.com,2023-10-13 10:30:00,2023-10-13 12:30:00
23623176,Diversity and Inclusion Seminar,Sofia.Santos@company.com,2023-10-13 13:00:00,2023-10-13 14:00:00
90497516,Employee Engagement Survey Results,Anaya.Patel@company.com,2023-10-13 14:00:00,2023-10-13 14:30:00
04490735,Cross-Functional Collaboration Workshop,Raj.Patel@company.com,2023-10-13 15:30:00,2023-10-13 17:00:00
32861704,R&D Innovation Showcase,Aisha.Chen@company.com,2023-10-14 09:00:00,2023-10-14 09:30:00
66208991,Diversity and Inclusion Seminar,Santiago.Martinez@company.com,2023-10-14 09:30:00,2023-10-14 11:30:00
67610111,Internal Audit Summary,Jinsoo.Kim@company.com,2023-10-14 12:00:00,2023-10-14 13:00:00
26919311,Innovation Hackathon,Fatima.Khan@company.com,2023-10-14 13:00:00,2023-10-14 14:00:00
66672957,Cybersecurity Update Brief,Luis.Ortiz@company.com,2023-10-14 14:00:00,2023-10-14 16:00:00
44715196,Product Launch Debrief,Kofi.Mensah@company.com,2023-10-15 09:00:00,2023-10-15 09:30:00
23609422,Supply Chain Optimization Workshop,Chenwei.Zhang@company.com,2023-10-15 09:30:00,2023-10-15 10:00:00
35052138,Corporate Merger Integration Update,Nia.Johnson@company.com,2023-10-15 10:00:00,2023-10-15 11:00:00
16136877,Brand Refresh Reveal,Santiago.Martinez@company.com,2023-10-15 12:00:00,2023-10-15 12:30:00
62749367,Customer Feedback Forum,Yuki.Tanaka@company.com,2023-10-15 13:00:00,2023-10-15 15:00:00
98976491,Board of Directors Meeting,Nadia.Moreau@company.com,2023-10-15 15:30:00,2023-10-15 18:30:00
32492345,Industry Regulation Update Seminar,Anaya.Patel@company.com,2023-10-16 09:00:00,2023-10-16 09:30:00
99941372,HR Policy Update Meeting,Akira.Sato@company.com,2023-10-16 09:30:00,2023-10-16 10:30:00
82498043,Employee Benefits Review,Dmitri.Ivanov@company.com,2023-10-16 11:00:00,2023-10-16 14:00:00
06946245,Employee Engagement Survey Results,Raj.Patel@company.com,2023-10-16 14:00:00,2023-10-16 15:00:00
24369868,Technology Implementation Workshop,Santiago.Martinez@company.com,2023-10-16 15:00:00,2023-10-16 17:30:00
44243463,Organizational Restructuring Briefing,Chenwei.Zhang@company.com,2023-10-17 09:00:00,2023-10-17 10:30:00
81064147,Creative Ideation Session,Santiago.Martinez@company.com,2023-10-17 10:30:00,2023-10-17 13:30:00
85081776,Risk Management Roundtable,Anaya.Patel@company.com,2023-10-17 13:30:00,2023-10-17 14:00:00
41333183,Organizational Restructuring Briefing,Anaya.Patel@company.com,2023-10-17 14:00:00,2023-10-17 15:00:00
19508515,Customer Service Excellence Training,Leila.Azizi@company.com,2023-10-17 15:00:00,2023-10-17 16:30:00
11897409,Year-End Performance Evaluations,Fatima.Khan@company.com,2023-10-18 09:00:00,2023-10-18 10:00:00
40907100,HR Policy Update Meeting,Yuki.Tanaka@company.com,2023-10-18 10:00:00,2023-10-18 13:00:00
36476812,Strategic Planning Retreat,Lena.Schmidt@company.com,2023-10-18 14:30:00,2023-10-18 15:30:00
62837233,Career Development Forum,Olga.Petrova@company.com,2023-10-18 15:30:00,2023-10-18 17:00:00
21828882,Organizational Restructuring Briefing,Raj.Patel@company.com,2023-10-19 09:00:00,2023-10-19 09:30:00
63533772,Project Kickoff Meeting,Olga.Petrova@company.com,2023-10-19 09:30:00,2023-10-19 10:00:00
16569699,Quarterly Sales Review,Nia.Johnson@company.com,2023-10-19 10:30:00,2023-10-19 12:30:00
28140886,Product Launch Debrief,Chenwei.Zhang@company.com,2023-10-19 12:30:00,2023-10-19 13:30:00
33909708,Sustainability Initiatives Update,Fatima.Khan@company.com,2023-10-19 14:00:00,2023-10-19 15:30:00
09407062,Employee Benefits Review,Carlos.Rodriguez@company.com,2023-10-19 15:30:00,2023-10-19 17:00:00
88255948,Marketing Strategy Brainstorm,Aisha.Chen@company.com,2023-10-20 09:00:00,2023-10-20 10:30:00
41055870,Customer Feedback Forum,Jinsoo.Kim@company.com,2023-10-20 10:30:00,2023-10-20 13:30:00
54577973,Digital Marketing Trends Seminar,Luis.Ortiz@company.com,2023-10-20 13:30:00,2023-10-20 15:00:00
83186107,Strategic Planning Retreat,Carlos.Rodriguez@company.com,2023-10-20 15:30:00,2023-10-20 17:30:00
69692338,Risk Management Roundtable,Leila.Azizi@company.com,2023-10-21 09:00:00,2023-10-21 09:30:00
85182160,Product Launch Debrief,Nia.Johnson@company.com,2023-10-21 09:30:00,2023-10-21 11:00:00
57190600,Employee Benefits Review,Aisha.Chen@company.com,2023-10-21 11:00:00,2023-10-21 12:00:00
85805552,Sales Incentive Plan Announcement,Santiago.Martinez@company.com,2023-10-21 12:00:00,2023-10-21 13:00:00
73411720,Internal Audit Summary,Anaya.Patel@company.com,2023-10-21 13:00:00,2023-10-21 13:30:00
20130867,Employee Recognition Ceremony,Dmitri.Ivanov@company.com,2023-10-21 15:30:00,2023-10-21 18:30:00
14787510,Strategic Planning Retreat,Raj.Patel@company.com,2023-10-22 10:00:00,2023-10-22 10:30:00
07007014,Annual Budget Planning Session,Chenwei.Zhang@company.com,2023-10-22 10:30:00,2023-10-22 11:00:00
69959299,Brand Refresh Reveal,Raj.Patel@company.com,2023-10-22 11:30:00,2023-10-22 12:00:00
71139439,Employee Recognition Ceremony,Yuki.Tanaka@company.com,2023-10-22 12:00:00,2023-10-22 12:30:00
71730304,Operational Excellence Conference,Anaya.Patel@company.com,2023-10-22 12:30:00,2023-10-22 14:30:00
56296071,Vendor Selection Panel,Olga.Petrova@company.com,2023-10-22 14:30:00,2023-10-22 16:00:00
03744661,Product Launch Debrief,Carlos.Rodriguez@company.com,2023-10-23 09:00:00,2023-10-23 09:30:00
35252854,Technology Implementation Workshop,Nadia.Moreau@company.com,2023-10-23 10:00:00,2023-10-23 12:00:00
20363765,Employee Benefits Review,Olga.Petrova@company.com,2023-10-23 12:00:00,2023-10-23 12:30:00
90336138,Health and Wellness Fair,Aisha.Chen@company.com,2023-10-23 13:00:00,2023-10-23 13:30:00
73600974,Vendor Selection Panel,Sofia.Santos@company.com,2023-10-23 13:30:00,2023-10-23 14:00:00
74874337,Cross-Functional Collaboration Workshop,Raj.Patel@company.com,2023-10-23 14:30:00,2023-10-23 15:00:00
73879815,Annual Budget Planning Session,Anaya.Patel@company.com,2023-10-23 15:00:00,2023-10-23 17:00:00
71169810,Health and Wellness Fair,Yuki.Tanaka@company.com,2023-10-24 09:00:00,2023-10-24 10:30:00
05602648,Operational Excellence Conference,Chenwei.Zhang@company.com,2023-10-24 10:30:00,2023-10-24 11:00:00
78356747,Digital Transformation Summit,Kofi.Mensah@company.com,2023-10-24 11:00:00,2023-10-24 11:30:00
72093428,Diversity and Inclusion Seminar,Fatima.Khan@company.com,2023-10-24 11:30:00,2023-10-24 12:00:00
03576637,Corporate Social Responsibility Day,Nadia.Moreau@company.com,2023-10-24 12:30:00,2023-10-24 13:00:00
10214835,Annual Budget Planning Session,Luis.Ortiz@company.com,2023-10-24 13:00:00,2023-10-24 16:00:00
46053077,R&D Innovation Showcase,Akira.Sato@company.com,2023-10-25 09:00:00,2023-10-25 10:00:00
83371334,Sales Pipeline Review,Santiago.Martinez@company.com,2023-10-25 10:30:00,2023-10-25 12:00:00
02494426,Financial Forecasting Meeting,Leila.Azizi@company.com,2023-10-25 12:00:00,2023-10-25 12:30:00
41664417,Operational Excellence Conference,Olga.Petrova@company.com,2023-10-25 13:00:00,2023-10-25 13:30:00
64207167,Project Kickoff Meeting,Kofi.Mensah@company.com,2023-10-25 13:30:00,2023-10-25 14:00:00
07639166,Corporate Governance Training,Olga.Petrova@company.com,2023-10-25 14:00:00,2023-10-25 14:30:00
44861587,Creative Ideation Session,Anaya.Patel@company.com,2023-10-25 15:30:00,2023-10-25 17:00:00
64483385,Operational Excellence Conference,Leila.Azizi@company.com,2023-10-26 09:30:00,2023-10-26 10:00:00
92775138,New Hire Orientation,Kofi.Mensah@company.com,2023-10-26 10:30:00,2023-10-26 13:30:00
01828693,HR Policy Update Meeting,Anaya.Patel@company.com,2023-10-26 14:00:00,2023-10-26 16:00:00
16815506,Diversity and Inclusion Seminar,Olga.Petrova@company.com,2023-10-27 10:00:00,2023-10-27 10:30:00
89407803,Digital Marketing Trends Seminar,Kofi.Mensah@company.com,2023-10-27 10:30:00,2023-10-27 12:30:00
94987002,Diversity and Inclusion Seminar,Chenwei.Zhang@company.com,2023-10-27 13:00:00,2023-10-27 14:00:00
93505698,R&D Innovation Showcase,Nadia.Moreau@company.com,2023-10-27 14:00:00,2023-10-27 15:00:00
24726931,Team Building Retreat,Santiago.Martinez@company.com,2023-10-27 15:00:00,2023-10-27 16:00:00
37634927,Corporate Merger Integration Update,Kofi.Mensah@company.com,2023-10-28 09:00:00,2023-10-28 10:00:00
37258109,R&D Innovation Showcase,Sofia.Santos@company.com,2023-10-28 10:00:00,2023-10-28 11:00:00
23375410,Diversity and Inclusion Seminar,Yuki.Tanaka@company.com,2023-10-28 11:30:00,2023-10-28 13:30:00
18157339,Product Launch Debrief,Nia.Johnson@company.com,2023-10-28 13:30:00,2023-10-28 14:00:00
36534039,Global Team Video Conference,Kofi.Mensah@company.com,2023-10-28 14:00:00,2023-10-28 16:30:00
27659492,New Hire Orientation,Jinsoo.Kim@company.com,2023-10-29 09:00:00,2023-10-29 09:30:00
61752940,Supply Chain Optimization Workshop,Olga.Petrova@company.com,2023-10-29 09:30:00,2023-10-29 10:30:00
05917001,Operational Excellence Conference,Lena.Schmidt@company.com,2023-10-29 11:00:00,2023-10-29 13:00:00
54006738,Employee Benefits Review,Nia.Johnson@company.com,2023-10-29 13:00:00,2023-10-29 13:30:00
52103677,Technology Implementation Workshop,Akira.Sato@company.com,2023-10-29 13:30:00,2023-10-29 14:30:00
53435354,New Hire Orientation,Jinsoo.Kim@company.com,2023-10-29 14:30:00,2023-10-29 15:00:00
11980812,Internal Audit Summary,Anaya.Patel@company.com,2023-10-29 15:00:00,2023-10-29 16:00:00
89588009,HR Policy Update Meeting,Akira.Sato@company.com,2023-10-30 09:00:00,2023-10-30 10:00:00
03294076,Supply Chain Optimization Workshop,Amir.Ali@company.com,2023-10-30 10:00:00,2023-10-30 12:00:00
08738487,Financial Forecasting Meeting,Jinsoo.Kim@company.com,2023-10-30 12:00:00,2023-10-30 13:00:00
65378467,Leadership Training Workshop,Nadia.Moreau@company.com,2023-10-30 13:00:00,2023-10-30 13:30:00
44924815,Board of Directors Meeting,Nia.Johnson@company.com,2023-10-30 13:30:00,2023-10-30 15:00:00
45457267,R&D Innovation Showcase,Nia.Johnson@company.com,2023-10-30 15:00:00,2023-10-30 16:00:00
73947043,Board of Directors Meeting,Olga.Petrova@company.com,2023-11-01 09:00:00,2023-11-01 10:30:00
67761183,Internal Audit Summary,Nadia.Moreau@company.com,2023-11-01 10:30:00,2023-11-01 13:00:00
44000973,Cross-Functional Collaboration Workshop,Dmitri.Ivanov@company.com,2023-11-01 13:00:00,2023-11-01 13:30:00
95234722,Digital Marketing Trends Seminar,Kofi.Mensah@company.com,2023-11-01 13:30:00,2023-11-01 14:30:00
33371775,Sales Incentive Plan Announcement,Sofia.Santos@company.com,2023-11-01 14:30:00,2023-11-01 15:00:00
68051253,Health and Wellness Fair,Santiago.Martinez@company.com,2023-11-01 15:00:00,2023-11-01 15:30:00
59640680,New Hire Orientation,Jinsoo.Kim@company.com,2023-11-01 15:30:00,2023-11-01 18:00:00
63756996,Supply Chain Optimization Workshop,Raj.Patel@company.com,2023-11-02 09:00:00,2023-11-02 11:30:00
04456153,Technology Implementation Workshop,Sofia.Santos@company.com,2023-11-02 11:30:00,2023-11-02 12:00:00
45156595,Digital Marketing Trends Seminar,Fatima.Khan@company.com,2023-11-02 12:00:00,2023-11-02 14:30:00
00433855,Team Building Retreat,Nia.Johnson@company.com,2023-11-02 15:00:00,2023-11-02 16:30:00
59803017,Team Building Retreat,Olga.Petrova@company.com,2023-11-03 09:00:00,2023-11-03 10:00:00
64185333,Board of Directors Meeting,Leila.Azizi@company.com,2023-11-03 10:00:00,2023-11-03 12:00:00
74077495,Employee Engagement Survey Results,Akira.Sato@company.com,2023-11-03 12:00:00,2023-11-03 14:30:00
78759437,Supply Chain Optimization Workshop,Sofia.Santos@company.com,2023-11-03 14:30:00,2023-11-03 15:30:00
01312614,Cross-Functional Collaboration Workshop,Lena.Schmidt@company.com,2023-11-03 15:30:00,2023-11-03 16:30:00
17271471,Sustainability Initiatives Update,Chenwei.Zhang@company.com,2023-11-04 09:30:00,2023-11-04 10:00:00
54401028,Team Building Retreat,Olga.Petrova@company.com,2023-11-04 10:00:00,2023-11-04 11:00:00
93375911,Cybersecurity Update Brief,Amir.Ali@company.com,2023-11-04 11:30:00,2023-11-04 14:00:00
28518705,Innovation Hackathon,Sofia.Santos@company.com,2023-11-04 14:00:00,2023-11-04 14:30:00
71369569,New Hire Orientation,Fatima.Khan@company.com,2023-11-04 14:30:00,2023-11-04 16:00:00
28373849,Cybersecurity Update Brief,Yuki.Tanaka@company.com,2023-11-05 09:00:00,2023-11-05 11:30:00
06518996,IT Systems Upgrade Briefing,Akira.Sato@company.com,2023-11-05 12:30:00,2023-11-05 15:30:00
50409041,Technology Implementation Workshop,Jinsoo.Kim@company.com,2023-11-05 15:30:00,2023-11-05 16:00:00
19857652,Leadership Training Workshop,Jinsoo.Kim@company.com,2023-11-06 09:00:00,2023-11-06 10:00:00
25629435,Internal Audit Summary,Amir.Ali@company.com,2023-11-06 10:30:00,2023-11-06 12:30:00
87741972,R&D Innovation Showcase,Yuki.Tanaka@company.com,2023-11-06 13:30:00,2023-11-06 14:00:00
57409388,Annual Budget Planning Session,Fatima.Khan@company.com,2023-11-06 14:00:00,2023-11-06 16:30:00
50233674,Creative Ideation Session,Olga.Petrova@company.com,2023-11-07 09:00:00,2023-11-07 11:30:00
95394712,New Hire Orientation,Carlos.Rodriguez@company.com,2023-11-07 12:00:00,2023-11-07 13:00:00
26077868,Board of Directors Meeting,Carlos.Rodriguez@company.com,2023-11-07 13:00:00,2023-11-07 15:00:00
47510614,Executive Leadership Offsite,Aisha.Chen@company.com,2023-11-07 15:30:00,2023-11-07 18:00:00
57685360,Corporate Merger Integration Update,Luis.Ortiz@company.com,2023-11-08 09:00:00,2023-11-08 09:30:00
47687623,Project Kickoff Meeting,Kofi.Mensah@company.com,2023-11-08 10:00:00,2023-11-08 10:30:00
90224065,Technology Implementation Workshop,Dmitri.Ivanov@company.com,2023-11-08 11:00:00,2023-11-08 11:30:00
39738438,Global Team Video Conference,Nadia.Moreau@company.com,2023-11-08 11:30:00,2023-11-08 12:00:00
82670654,Corporate Governance Training,Nia.Johnson@company.com,2023-11-08 12:00:00,2023-11-08 15:00:00
26840056,Strategic Planning Retreat,Aisha.Chen@company.com,2023-11-08 15:00:00,2023-11-08 17:30:00
61975111,Diversity and Inclusion Seminar,Lena.Schmidt@company.com,2023-11-09 09:00:00,2023-11-09 09:30:00
44296355,Leadership Training Workshop,Fatima.Khan@company.com,2023-11-09 09:30:00,2023-11-09 10:00:00
31723483,Product Launch Debrief,Anaya.Patel@company.com,2023-11-09 10:00:00,2023-11-09 11:00:00
52491507,Global Team Video Conference,Nadia.Moreau@company.com,2023-11-09 11:00:00,2023-11-09 11:30:00
80456601,Project Kickoff Meeting,Luis.Ortiz@company.com,2023-11-09 11:30:00,2023-11-09 12:00:00
86594676,Corporate Merger Integration Update,Aisha.Chen@company.com,2023-11-09 12:00:00,2023-11-09 14:30:00
87784782,Data Security Compliance Training,Anaya.Patel@company.com,2023-11-09 14:30:00,2023-11-09 17:30:00
66063792,Customer Service Excellence Training,Raj.Patel@company.com,2023-11-10 09:00:00,2023-11-10 09:30:00
63829343,Project Kickoff Meeting,Amir.Ali@company.com,2023-11-10 09:30:00,2023-11-10 10:00:00
19334622,Data Security Compliance Training,Olga.Petrova@company.com,2023-11-10 10:00:00,2023-11-10 10:30:00
69476580,Financial Forecasting Meeting,Yuki.Tanaka@company.com,2023-11-10 11:30:00,2023-11-10 14:00:00
58613307,Sales Incentive Plan Announcement,Nadia.Moreau@company.com,2023-11-10 14:00:00,2023-11-10 15:00:00
06970456,Year-End Performance Evaluations,Lena.Schmidt@company.com,2023-11-10 15:30:00,2023-11-10 17:00:00
61090127,Career Development Forum,Sofia.Santos@company.com,2023-11-11 09:00:00,2023-11-11 12:00:00
74572397,Digital Marketing Trends Seminar,Akira.Sato@company.com,2023-11-11 12:30:00,2023-11-11 13:00:00
32730451,R&D Innovation Showcase,Dmitri.Ivanov@company.com,2023-11-11 13:30:00,2023-11-11 14:00:00
37336276,Annual Budget Planning Session,Sofia.Santos@company.com,2023-11-11 14:30:00,2023-11-11 15:00:00
21643775,HR Policy Update Meeting,Carlos.Rodriguez@company.com,2023-11-11 15:00:00,2023-11-11 16:30:00
67067003,Supply Chain Optimization Workshop,Carlos.Rodriguez@company.com,2023-11-12 09:00:00,2023-11-12 09:30:00
48916494,Employee Recognition Ceremony,Kofi.Mensah@company.com,2023-11-12 10:00:00,2023-11-12 12:00:00
51097040,Project Kickoff Meeting,Leila.Azizi@company.com,2023-11-12 12:30:00,2023-11-12 13:00:00
88189483,Brand Refresh Reveal,Akira.Sato@company.com,2023-11-12 13:30:00,2023-11-12 14:00:00
85807295,Global Market Expansion Discussion,Chenwei.Zhang@company.com,2023-11-12 14:00:00,2023-11-12 17:00:00
95260420,Sustainability Initiatives Update,Lena.Schmidt@company.com,2023-11-13 09:00:00,2023-11-13 11:30:00
93462149,Executive Leadership Offsite,Akira.Sato@company.com,2023-11-13 12:00:00,2023-11-13 14:00:00
41459187,Digital Transformation Summit,Amir.Ali@company.com,2023-11-13 14:00:00,2023-11-13 15:00:00
23047231,Employee Engagement Survey Results,Amir.Ali@company.com,2023-11-13 15:00:00,2023-11-13 15:30:00
62511165,Leadership Training Workshop,Leila.Azizi@company.com,2023-11-13 15:30:00,2023-11-13 17:30:00
53148741,R&D Innovation Showcase,Jinsoo.Kim@company.com,2023-11-14 09:30:00,2023-11-14 12:00:00
33124154,Corporate Governance Training,Olga.Petrova@company.com,2023-11-14 12:00:00,2023-11-14 12:30:00
07230989,Corporate Social Responsibility Day,Jinsoo.Kim@company.com,2023-11-14 13:00:00,2023-11-14 14:30:00
17264162,Product Launch Debrief,Nia.Johnson@company.com,2023-11-14 14:30:00,2023-11-14 15:00:00
76198086,New Hire Orientation,Kofi.Mensah@company.com,2023-11-14 15:00:00,2023-11-14 17:30:00
43361984,Sales Incentive Plan Announcement,Fatima.Khan@company.com,2023-11-15 09:30:00,2023-11-15 11:00:00
52729207,Sales Pipeline Review,Fatima.Khan@company.com,2023-11-15 12:00:00,2023-11-15 13:00:00
28631834,Project Kickoff Meeting,Raj.Patel@company.com,2023-11-15 13:30:00,2023-11-15 15:00:00
91286033,Leadership Training Workshop,Dmitri.Ivanov@company.com,2023-11-15 15:00:00,2023-11-15 15:30:00
88133864,Risk Management Roundtable,Kofi.Mensah@company.com,2023-11-15 15:30:00,2023-11-15 17:30:00
95942987,Supply Chain Optimization Workshop,Fatima.Khan@company.com,2023-11-16 09:00:00,2023-11-16 09:30:00
73766851,Team Building Retreat,Nia.Johnson@company.com,2023-11-16 09:30:00,2023-11-16 10:00:00
36453062,Industry Regulation Update Seminar,Santiago.Martinez@company.com,2023-11-16 10:00:00,2023-11-16 11:30:00
47831705,Operational Excellence Conference,Santiago.Martinez@company.com,2023-11-16 12:00:00,2023-11-16 15:00:00
71848330,Innovation Hackathon,Akira.Sato@company.com,2023-11-16 15:30:00,2023-11-16 16:30:00
77274758,Vendor Selection Panel,Aisha.Chen@company.com,2023-11-17 09:00:00,2023-11-17 09:30:00
00289014,Diversity and Inclusion Seminar,Sofia.Santos@company.com,2023-11-17 09:30:00,2023-11-17 12:00:00
12848620,Cross-Functional Collaboration Workshop,Santiago.Martinez@company.com,2023-11-17 12:00:00,2023-11-17 15:00:00
16952973,Customer Service Excellence Training,Anaya.Patel@company.com,2023-11-17 15:00:00,2023-11-17 15:30:00
36812956,Cybersecurity Update Brief,Leila.Azizi@company.com,2023-11-17 15:30:00,2023-11-17 18:00:00
70490654,Strategic Planning Retreat,Fatima.Khan@company.com,2023-11-18 09:00:00,2023-11-18 11:30:00
85174454,Employee Engagement Survey Results,Nadia.Moreau@company.com,2023-11-18 12:00:00,2023-11-18 12:30:00
58277658,IT Systems Upgrade Briefing,Sofia.Santos@company.com,2023-11-18 13:00:00,2023-11-18 13:30:00
09609651,Marketing Strategy Brainstorm,Raj.Patel@company.com,2023-11-18 14:00:00,2023-11-18 15:30:00
65498443,Employee Recognition Ceremony,Aisha.Chen@company.com,2023-11-18 15:30:00,2023-11-18 17:30:00
06047997,Financial Forecasting Meeting,Raj.Patel@company.com,2023-11-19 09:00:00,2023-11-19 10:30:00
51453751,Project Kickoff Meeting,Leila.Azizi@company.com,2023-11-19 11:00:00,2023-11-19 11:30:00
82624734,Year-End Performance Evaluations,Olga.Petrova@company.com,2023-11-19 11:30:00,2023-11-19 12:00:00
60837446,Creative Ideation Session,Leila.Azizi@company.com,2023-11-19 12:00:00,2023-11-19 15:00:00
58084576,Sustainability Initiatives Update,Luis.Ortiz@company.com,2023-11-19 15:30:00,2023-11-19 17:00:00
59535167,Risk Management Roundtable,Aisha.Chen@company.com,2023-11-20 09:30:00,2023-11-20 10:00:00
15861111,Risk Management Roundtable,Santiago.Martinez@company.com,2023-11-20 10:00:00,2023-11-20 10:30:00
52303455,Sales Pipeline Review,Yuki.Tanaka@company.com,2023-11-20 10:30:00,2023-11-20 13:00:00
36982170,Quarterly Sales Review,Nadia.Moreau@company.com,2023-11-20 13:00:00,2023-11-20 13:30:00
86310600,Corporate Governance Training,Raj.Patel@company.com,2023-11-20 13:30:00,2023-11-20 16:30:00
01611533,Client Appreciation Gala,Jinsoo.Kim@company.com,2023-11-21 09:00:00,2023-11-21 10:30:00
79833409,Diversity and Inclusion Seminar,Luis.Ortiz@company.com,2023-11-21 10:30:00,2023-11-21 12:30:00
89127671,Sales Incentive Plan Announcement,Luis.Ortiz@company.com,2023-11-21 13:00:00,2023-11-21 15:00:00
30439117,Annual Budget Planning Session,Kofi.Mensah@company.com,2023-11-21 15:00:00,2023-11-21 17:30:00
04713497,Industry Regulation Update Seminar,Sofia.Santos@company.com,2023-11-22 09:00:00,2023-11-22 09:30:00
12123241,Customer Service Excellence Training,Kofi.Mensah@company.com,2023-11-22 09:30:00,2023-11-22 10:30:00
28346238,Sustainability Initiatives Update,Aisha.Chen@company.com,2023-11-22 10:30:00,2023-11-22 11:00:00
37503514,Supply Chain Optimization Workshop,Amir.Ali@company.com,2023-11-22 11:00:00,2023-11-22 11:30:00
16478547,Vendor Selection Panel,Lena.Schmidt@company.com,2023-11-22 11:30:00,2023-11-22 13:00:00
59765348,R&D Innovation Showcase,Raj.Patel@company.com,2023-11-22 13:00:00,2023-11-22 14:00:00
59455983,R&D Innovation Showcase,Akira.Sato@company.com,2023-11-22 14:00:00,2023-11-22 15:00:00
94716411,Global Team Video Conference,Santiago.Martinez@company.com,2023-11-22 15:00:00,2023-11-22 16:00:00
06060338,Global Market Expansion Discussion,Kofi.Mensah@company.com,2023-11-23 09:30:00,2023-11-23 11:00:00
81091788,Employee Engagement Survey Results,Nadia.Moreau@company.com,2023-11-23 11:00:00,2023-11-23 12:30:00
39292747,Financial Forecasting Meeting,Dmitri.Ivanov@company.com,2023-11-23 12:30:00,2023-11-23 13:00:00
67288479,Industry Regulation Update Seminar,Amir.Ali@company.com,2023-11-23 13:00:00,2023-11-23 14:00:00
68518086,Board of Directors Meeting,Lena.Schmidt@company.com,2023-11-23 14:00:00,2023-11-23 15:30:00
85139522,Quarterly Sales Review,Jinsoo.Kim@company.com,2023-11-23 15:30:00,2023-11-23 16:30:00
14629583,Team Building Retreat,Chenwei.Zhang@company.com,2023-11-24 09:00:00,2023-11-24 09:30:00
62292070,R&D Innovation Showcase,Akira.Sato@company.com,2023-11-24 09:30:00,2023-11-24 10:30:00
26219132,Corporate Social Responsibility Day,Olga.Petrova@company.com,2023-11-24 10:30:00,2023-11-24 11:30:00
55923302,Leadership Training Workshop,Anaya.Patel@company.com,2023-11-24 11:30:00,2023-11-24 12:30:00
06837640,Annual Budget Planning Session,Anaya.Patel@company.com,2023-11-24 13:00:00,2023-11-24 13:30:00
73377050,Corporate Merger Integration Update,Fatima.Khan@company.com,2023-11-24 13:30:00,2023-11-24 15:00:00
03341335,Risk Management Roundtable,Raj.Patel@company.com,2023-11-24 15:00:00,2023-11-24 18:00:00
33048216,Internal Audit Summary,Olga.Petrova@company.com,2023-11-25 09:30:00,2023-11-25 10:30:00
37894209,Year-End Performance Evaluations,Lena.Schmidt@company.com,2023-11-25 11:00:00,2023-11-25 12:00:00
67293853,Customer Service Excellence Training,Lena.Schmidt@company.com,2023-11-25 13:00:00,2023-11-25 14:30:00
86048831,Risk Management Roundtable,Anaya.Patel@company.com,2023-11-25 14:30:00,2023-11-25 15:30:00
35033758,Digital Transformation Summit,Olga.Petrova@company.com,2023-11-25 15:30:00,2023-11-25 17:00:00
72945666,Sales Pipeline Review,Jinsoo.Kim@company.com,2023-11-26 10:00:00,2023-11-26 12:00:00
72983726,Diversity and Inclusion Seminar,Akira.Sato@company.com,2023-11-26 12:00:00,2023-11-26 13:30:00
42269882,Organizational Restructuring Briefing,Dmitri.Ivanov@company.com,2023-11-26 14:00:00,2023-11-26 15:00:00
35091802,Employee Recognition Ceremony,Jinsoo.Kim@company.com,2023-11-26 15:00:00,2023-11-26 17:00:00
29349468,Customer Service Excellence Training,Sofia.Santos@company.com,2023-11-27 09:00:00,2023-11-27 12:00:00
82380113,Financial Forecasting Meeting,Kofi.Mensah@company.com,2023-11-27 12:00:00,2023-11-27 13:30:00
55496540,Team Building Retreat,Chenwei.Zhang@company.com,2023-11-27 13:30:00,2023-11-27 14:30:00
11716765,Strategic Planning Retreat,Olga.Petrova@company.com,2023-11-27 14:30:00,2023-11-27 16:00:00
88982787,Employee Benefits Review,Aisha.Chen@company.com,2023-11-28 09:00:00,2023-11-28 09:30:00
35474199,Cybersecurity Update Brief,Amir.Ali@company.com,2023-11-28 09:30:00,2023-11-28 10:30:00
34502854,Leadership Training Workshop,Aisha.Chen@company.com,2023-11-28 10:30:00,2023-11-28 11:00:00
09881867,Customer Service Excellence Training,Amir.Ali@company.com,2023-11-28 12:30:00,2023-11-28 13:00:00
96220655,Global Market Expansion Discussion,Carlos.Rodriguez@company.com,2023-11-28 13:00:00,2023-11-28 13:30:00
13125982,Data Security Compliance Training,Jinsoo.Kim@company.com,2023-11-28 13:30:00,2023-11-28 14:30:00
35362533,HR Policy Update Meeting,Nadia.Moreau@company.com,2023-11-28 14:30:00,2023-11-28 15:00:00
38555681,Executive Leadership Offsite,Olga.Petrova@company.com,2023-11-28 15:00:00,2023-11-28 16:30:00
11869608,Sustainability Initiatives Update,Fatima.Khan@company.com,2023-11-29 09:00:00,2023-11-29 11:00:00
41703673,Technology Implementation Workshop,Luis.Ortiz@company.com,2023-11-29 11:00:00,2023-11-29 11:30:00
80379943,Annual Budget Planning Session,Sofia.Santos@company.com,2023-11-29 11:30:00,2023-11-29 14:30:00
66165261,Product Launch Debrief,Jinsoo.Kim@company.com,2023-11-29 14:30:00,2023-11-29 15:30:00
83191198,Corporate Merger Integration Update,Dmitri.Ivanov@company.com,2023-11-29 15:30:00,2023-11-29 16:00:00
38026726,Board of Directors Meeting,Olga.Petrova@company.com,2023-12-01 10:00:00,2023-12-01 11:30:00
01648054,Quarterly Sales Review,Amir.Ali@company.com,2023-12-01 11:30:00,2023-12-01 13:30:00
34548838,Sustainability Initiatives Update,Sofia.Santos@company.com,2023-12-01 14:00:00,2023-12-01 17:00:00
92700191,Health and Wellness Fair,Kofi.Mensah@company.com,2023-12-02 09:30:00,2023-12-02 10:00:00
89411289,Organizational Restructuring Briefing,Jinsoo.Kim@company.com,2023-12-02 10:00:00,2023-12-02 13:00:00
11013677,Corporate Social Responsibility Day,Lena.Schmidt@company.com,2023-12-02 13:00:00,2023-12-02 13:30:00
21531586,Strategic Planning Retreat,Akira.Sato@company.com,2023-12-02 14:00:00,2023-12-02 14:30:00
52314990,Cybersecurity Update Brief,Yuki.Tanaka@company.com,2023-12-02 14:30:00,2023-12-02 15:30:00
04517938,Executive Leadership Offsite,Aisha.Chen@company.com,2023-12-02 15:30:00,2023-12-02 16:30:00
32376739,Sales Incentive Plan Announcement,Fatima.Khan@company.com,2023-12-03 09:00:00,2023-12-03 09:30:00
09899866,Sales Incentive Plan Announcement,Santiago.Martinez@company.com,2023-12-03 09:30:00,2023-12-03 10:30:00
61835959,Internal Audit Summary,Leila.Azizi@company.com,2023-12-03 11:00:00,2023-12-03 12:30:00
63062713,Annual Budget Planning Session,Sofia.Santos@company.com,2023-12-03 12:30:00,2023-12-03 13:00:00
01193872,Health and Wellness Fair,Sofia.Santos@company.com,2023-12-03 13:00:00,2023-12-03 14:00:00
26315083,Quarterly Sales Review,Chenwei.Zhang@company.com,2023-12-03 14:00:00,2023-12-03 14:30:00
90706690,Corporate Governance Training,Carlos.Rodriguez@company.com,2023-12-03 14:30:00,2023-12-03 15:00:00
71036689,Supply Chain Optimization Workshop,Carlos.Rodriguez@company.com,2023-12-03 15:00:00,2023-12-03 17:00:00
26086053,Client Appreciation Gala,Chenwei.Zhang@company.com,2023-12-04 10:00:00,2023-12-04 10:30:00
48641749,Employee Recognition Ceremony,Santiago.Martinez@company.com,2023-12-04 10:30:00,2023-12-04 12:30:00
05602631,Team Building Retreat,Carlos.Rodriguez@company.com,2023-12-04 12:30:00,2023-12-04 13:30:00
16480399,Employee Recognition Ceremony,Santiago.Martinez@company.com,2023-12-04 14:00:00,2023-12-04 15:00:00
09695767,Health and Wellness Fair,Amir.Ali@company.com,2023-12-04 15:30:00,2023-12-04 18:00:00
92084540,Data Security Compliance Training,Fatima.Khan@company.com,2023-12-05 09:00:00,2023-12-05 09:30:00
00981996,Operational Excellence Conference,Yuki.Tanaka@company.com,2023-12-05 09:30:00,2023-12-05 10:00:00
87998402,Employee Benefits Review,Santiago.Martinez@company.com,2023-12-05 10:30:00,2023-12-05 11:00:00
78127120,Customer Service Excellence Training,Akira.Sato@company.com,2023-12-05 11:00:00,2023-12-05 11:30:00
31792850,Cybersecurity Update Brief,Leila.Azizi@company.com,2023-12-05 12:00:00,2023-12-05 13:00:00
41129358,Board of Directors Meeting,Akira.Sato@company.com,2023-12-05 13:30:00,2023-12-05 15:00:00
03443305,Health and Wellness Fair,Fatima.Khan@company.com,2023-12-05 15:00:00,2023-12-05 16:00:00
39393863,Digital Marketing Trends Seminar,Lena.Schmidt@company.com,2023-12-06 09:30:00,2023-12-06 12:00:00
24250430,Risk Management Roundtable,Santiago.Martinez@company.com,2023-12-06 12:30:00,2023-12-06 14:00:00
88255825,Employee Benefits Review,Kofi.Mensah@company.com,2023-12-06 14:00:00,2023-12-06 14:30:00
87791595,Digital Transformation Summit,Nia.Johnson@company.com,2023-12-06 15:30:00,2023-12-06 17:30:00
15662020,Operational Excellence Conference,Nadia.Moreau@company.com,2023-12-07 09:00:00,2023-12-07 09:30:00
85604789,Product Launch Debrief,Yuki.Tanaka@company.com,2023-12-07 09:30:00,2023-12-07 10:00:00
12918350,Customer Feedback Forum,Luis.Ortiz@company.com,2023-12-07 10:30:00,2023-12-07 11:00:00
80925885,Diversity and Inclusion Seminar,Sofia.Santos@company.com,2023-12-07 11:30:00,2023-12-07 12:00:00
18303086,Global Team Video Conference,Anaya.Patel@company.com,2023-12-07 12:00:00,2023-12-07 12:30:00
99359359,Risk Management Roundtable,Anaya.Patel@company.com,2023-12-07 13:00:00,2023-12-07 13:30:00
01833667,Sales Pipeline Review,Chenwei.Zhang@company.com,2023-12-07 13:30:00,2023-12-07 15:00:00
53319287,Customer Feedback Forum,Santiago.Martinez@company.com,2023-12-07 15:00:00,2023-12-07 18:00:00
50786200,Data Security Compliance Training,Leila.Azizi@company.com,2023-12-08 09:00:00,2023-12-08 09:30:00
26551797,Marketing Strategy Brainstorm,Kofi.Mensah@company.com,2023-12-08 10:00:00,2023-12-08 11:00:00
14239019,Customer Feedback Forum,Aisha.Chen@company.com,2023-12-08 11:30:00,2023-12-08 12:30:00
89230698,Risk Management Roundtable,Santiago.Martinez@company.com,2023-12-08 13:00:00,2023-12-08 13:30:00
82924542,Cross-Functional Collaboration Workshop,Kofi.Mensah@company.com,2023-12-08 13:30:00,2023-12-08 14:00:00
92626551,Customer Service Excellence Training,Sofia.Santos@company.com,2023-12-08 14:00:00,2023-12-08 15:00:00
85146842,Corporate Governance Training,Sofia.Santos@company.com,2023-12-08 15:00:00,2023-12-08 17:30:00
15336885,Technology Implementation Workshop,Leila.Azizi@company.com,2023-12-09 09:00:00,2023-12-09 11:00:00
17802405,Board of Directors Meeting,Carlos.Rodriguez@company.com,2023-12-09 11:00:00,2023-12-09 13:00:00
10235029,Sustainability Initiatives Update,Lena.Schmidt@company.com,2023-12-09 13:00:00,2023-12-09 14:00:00
98089391,Sustainability Initiatives Update,Santiago.Martinez@company.com,2023-12-09 14:30:00,2023-12-09 17:30:00
04007731,Year-End Performance Evaluations,Lena.Schmidt@company.com,2023-12-10 09:00:00,2023-12-10 09:30:00
60307308,Customer Feedback Forum,Akira.Sato@company.com,2023-12-10 10:00:00,2023-12-10 10:30:00
55763389,Product Launch Debrief,Luis.Ortiz@company.com,2023-12-10 10:30:00,2023-12-10 11:00:00
87836684,Internal Audit Summary,Anaya.Patel@company.com,2023-12-10 11:00:00,2023-12-10 11:30:00
62373841,Vendor Selection Panel,Nadia.Moreau@company.com,2023-12-10 11:30:00,2023-12-10 13:30:00
00700788,HR Policy Update Meeting,Luis.Ortiz@company.com,2023-12-10 14:00:00,2023-12-10 15:30:00
61920461,Cross-Functional Collaboration Workshop,Akira.Sato@company.com,2023-12-10 15:30:00,2023-12-10 16:00:00
14271548,Cross-Functional Collaboration Workshop,Anaya.Patel@company.com,2023-12-11 09:00:00,2023-12-11 12:00:00
41069157,Team Building Retreat,Lena.Schmidt@company.com,2023-12-11 12:00:00,2023-12-11 13:30:00
23416557,Strategic Planning Retreat,Olga.Petrova@company.com,2023-12-11 13:30:00,2023-12-11 14:30:00
55821071,New Hire Orientation,Chenwei.Zhang@company.com,2023-12-11 14:30:00,2023-12-11 15:00:00
66657721,Diversity and Inclusion Seminar,Aisha.Chen@company.com,2023-12-11 15:30:00,2023-12-11 18:30:00
71295579,Team Building Retreat,Olga.Petrova@company.com,2023-12-12 09:00:00,2023-12-12 09:30:00
66100344,Global Market Expansion Discussion,Nia.Johnson@company.com,2023-12-12 09:30:00,2023-12-12 11:00:00
35339872,Supply Chain Optimization Workshop,Amir.Ali@company.com,2023-12-12 11:00:00,2023-12-12 14:00:00
14850525,Customer Service Excellence Training,Anaya.Patel@company.com,2023-12-12 14:00:00,2023-12-12 17:00:00
84174076,Global Team Video Conference,Leila.Azizi@company.com,2023-12-13 09:30:00,2023-12-13 11:30:00
45587085,Corporate Social Responsibility Day,Aisha.Chen@company.com,2023-12-13 12:00:00,2023-12-13 12:30:00
89888698,Client Appreciation Gala,Jinsoo.Kim@company.com,2023-12-13 12:30:00,2023-12-13 13:30:00
94479647,Quality Assurance Training,Leila.Azizi@company.com,2023-12-13 13:30:00,2023-12-13 15:00:00
86068774,Board of Directors Meeting,Nadia.Moreau@company.com,2023-12-13 15:00:00,2023-12-13 17:30:00
78070321,Organizational Restructuring Briefing,Santiago.Martinez@company.com,2023-12-14 10:00:00,2023-12-14 11:30:00
98870120,Corporate Social Responsibility Day,Akira.Sato@company.com,2023-12-14 11:30:00,2023-12-14 12:30:00
32359939,Innovation Hackathon,Olga.Petrova@company.com,2023-12-14 13:30:00,2023-12-14 14:30:00
39452913,Marketing Strategy Brainstorm,Luis.Ortiz@company.com,2023-12-14 14:30:00,2023-12-14 15:30:00
22538327,Financial Forecasting Meeting,Lena.Schmidt@company.com,2023-12-14 15:30:00,2023-12-14 16:00:00
04409647,Strategic Planning Retreat,Nia.Johnson@company.com,2023-12-15 10:00:00,2023-12-15 10:30:00
64674855,Customer Service Excellence Training,Dmitri.Ivanov@company.com,2023-12-15 11:00:00,2023-12-15 13:30:00
49395607,Sales Incentive Plan Announcement,Chenwei.Zhang@company.com,2023-12-15 14:00:00,2023-12-15 16:30:00
15545882,Global Team Video Conference,Aisha.Chen@company.com,2023-12-16 09:00:00,2023-12-16 09:30:00
33086024,Employee Recognition Ceremony,Luis.Ortiz@company.com,2023-12-16 09:30:00,2023-12-16 10:30:00
78095655,Year-End Performance Evaluations,Santiago.Martinez@company.com,2023-12-16 10:30:00,2023-12-16 11:00:00
55690192,Corporate Merger Integration Update,Nia.Johnson@company.com,2023-12-16 11:00:00,2023-12-16 11:30:00
72684396,HR Policy Update Meeting,Fatima.Khan@company.com,2023-12-16 11:30:00,2023-12-16 14:00:00
11491743,Risk Management Roundtable,Raj.Patel@company.com,2023-12-16 14:00:00,2023-12-16 15:00:00
94624718,Digital Transformation Summit,Carlos.Rodriguez@company.com,2023-12-16 15:00:00,2023-12-16 15:30:00
32224163,Sales Incentive Plan Announcement,Amir.Ali@company.com,2023-12-16 15:30:00,2023-12-16 16:00:00
11627915,Team Building Retreat,Lena.Schmidt@company.com,2023-12-17 09:00:00,2023-12-17 10:00:00
30878985,Leadership Training Workshop,Sofia.Santos@company.com,2023-12-17 10:00:00,2023-12-17 10:30:00
04164388,Internal Audit Summary,Raj.Patel@company.com,2023-12-17 10:30:00,2023-12-17 11:00:00
15356593,HR Policy Update Meeting,Akira.Sato@company.com,2023-12-17 11:30:00,2023-12-17 12:00:00
76088364,Career Development Forum,Sofia.Santos@company.com,2023-12-17 12:00:00,2023-12-17 12:30:00
52399179,IT Systems Upgrade Briefing,Jinsoo.Kim@company.com,2023-12-17 12:30:00,2023-12-17 14:00:00
43931679,Digital Marketing Trends Seminar,Aisha.Chen@company.com,2023-12-17 14:00:00,2023-12-17 14:30:00
62966729,Financial Forecasting Meeting,Anaya.Patel@company.com,2023-12-17 15:00:00,2023-12-17 15:30:00
76746242,Employee Recognition Ceremony,Kofi.Mensah@company.com,2023-12-17 15:30:00,2023-12-17 18:00:00
08659918,Project Kickoff Meeting,Aisha.Chen@company.com,2023-12-18 09:00:00,2023-12-18 11:30:00
37637273,Diversity and Inclusion Seminar,Sofia.Santos@company.com,2023-12-18 12:30:00,2023-12-18 13:30:00
57979958,Leadership Training Workshop,Luis.Ortiz@company.com,2023-12-18 13:30:00,2023-12-18 14:30:00
42731771,IT Systems Upgrade Briefing,Leila.Azizi@company.com,2023-12-18 15:00:00,2023-12-18 15:30:00
13134157,Digital Transformation Summit,Aisha.Chen@company.com,2023-12-18 15:30:00,2023-12-18 18:00:00
27707927,Corporate Governance Training,Fatima.Khan@company.com,2023-12-19 09:00:00,2023-12-19 10:00:00
66808336,Board of Directors Meeting,Leila.Azizi@company.com,2023-12-19 10:00:00,2023-12-19 12:00:00
47768407,Financial Forecasting Meeting,Jinsoo.Kim@company.com,2023-12-19 12:00:00,2023-12-19 12:30:00
29974397,Customer Feedback Forum,Kofi.Mensah@company.com,2023-12-19 12:30:00,2023-12-19 13:00:00
69773879,Annual Budget Planning Session,Fatima.Khan@company.com,2023-12-19 13:00:00,2023-12-19 14:00:00
87776981,Technology Implementation Workshop,Lena.Schmidt@company.com,2023-12-19 14:00:00,2023-12-19 16:30:00
43363756,Technology Implementation Workshop,Lena.Schmidt@company.com,2023-12-20 09:30:00,2023-12-20 10:30:00
71976262,Digital Transformation Summit,Luis.Ortiz@company.com,2023-12-20 10:30:00,2023-12-20 12:30:00
17052728,Financial Forecasting Meeting,Carlos.Rodriguez@company.com,2023-12-20 13:00:00,2023-12-20 13:30:00
90309337,Global Market Expansion Discussion,Akira.Sato@company.com,2023-12-20 14:00:00,2023-12-20 17:00:00
80862107,Customer Service Excellence Training,Fatima.Khan@company.com,2023-12-21 09:00:00,2023-12-21 10:00:00
53408153,Customer Feedback Forum,Dmitri.Ivanov@company.com,2023-12-21 10:00:00,2023-12-21 11:00:00
23143009,Operational Excellence Conference,Amir.Ali@company.com,2023-12-21 11:00:00,2023-12-21 11:30:00
14430915,Customer Service Excellence Training,Anaya.Patel@company.com,2023-12-21 11:30:00,2023-12-21 12:30:00
90687939,Corporate Merger Integration Update,Aisha.Chen@company.com,2023-12-21 12:30:00,2023-12-21 13:30:00
66976629,Cybersecurity Update Brief,Sofia.Santos@company.com,2023-12-21 14:00:00,2023-12-21 14:30:00
32524052,Digital Transformation Summit,Dmitri.Ivanov@company.com,2023-12-21 15:00:00,2023-12-21 17:00:00
21029841,Sustainability Initiatives Update,Fatima.Khan@company.com,2023-12-22 09:00:00,2023-12-22 09:30:00
94383671,Innovation Hackathon,Dmitri.Ivanov@company.com,2023-12-22 09:30:00,2023-12-22 10:00:00
53569373,Global Market Expansion Discussion,Akira.Sato@company.com,2023-12-22 10:30:00,2023-12-22 12:30:00
71416900,Marketing Strategy Brainstorm,Yuki.Tanaka@company.com,2023-12-22 12:30:00,2023-12-22 14:00:00
89370681,Leadership Training Workshop,Santiago.Martinez@company.com,2023-12-22 14:30:00,2023-12-22 15:00:00
75475352,Data Security Compliance Training,Lena.Schmidt@company.com,2023-12-22 15:00:00,2023-12-22 16:00:00
06485054,Cross-Functional Collaboration Workshop,Fatima.Khan@company.com,2023-12-23 09:30:00,2023-12-23 10:00:00
32934314,Internal Audit Summary,Olga.Petrova@company.com,2023-12-23 10:00:00,2023-12-23 12:30:00
49737915,New Hire Orientation,Yuki.Tanaka@company.com,2023-12-23 13:30:00,2023-12-23 14:30:00
19933622,R&D Innovation Showcase,Akira.Sato@company.com,2023-12-23 14:30:00,2023-12-23 16:00:00
71712632,Diversity and Inclusion Seminar,Santiago.Martinez@company.com,2023-12-24 09:00:00,2023-12-24 09:30:00
39924026,Strategic Planning Retreat,Sofia.Santos@company.com,2023-12-24 10:00:00,2023-12-24 11:00:00
03066564,Sales Pipeline Review,Lena.Schmidt@company.com,2023-12-24 11:00:00,2023-12-24 11:30:00
84759690,Cross-Functional Collaboration Workshop,Amir.Ali@company.com,2023-12-24 11:30:00,2023-12-24 12:00:00
90732808,Project Kickoff Meeting,Sofia.Santos@company.com,2023-12-24 12:00:00,2023-12-24 13:00:00
29086523,Product Launch Debrief,Lena.Schmidt@company.com,2023-12-24 13:30:00,2023-12-24 15:00:00
64654850,Quality Assurance Training,Akira.Sato@company.com,2023-12-24 15:00:00,2023-12-24 15:30:00
76525408,Annual Budget Planning Session,Jinsoo.Kim@company.com,2023-12-24 15:30:00,2023-12-24 16:30:00
97939447,Cross-Functional Collaboration Workshop,Anaya.Patel@company.com,2023-12-25 09:30:00,2023-12-25 10:00:00
57343151,HR Policy Update Meeting,Lena.Schmidt@company.com,2023-12-25 11:00:00,2023-12-25 11:30:00
99246068,Year-End Performance Evaluations,Kofi.Mensah@company.com,2023-12-25 11:30:00,2023-12-25 12:00:00
85074501,Sales Pipeline Review,Carlos.Rodriguez@company.com,2023-12-25 13:00:00,2023-12-25 14:30:00
34330447,Executive Leadership Offsite,Dmitri.Ivanov@company.com,2023-12-25 14:30:00,2023-12-25 15:00:00
49464146,Year-End Performance Evaluations,Chenwei.Zhang@company.com,2023-12-25 15:00:00,2023-12-25 15:30:00
25028120,Corporate Governance Training,Chenwei.Zhang@company.com,2023-12-25 15:30:00,2023-12-25 16:30:00
02612192,Corporate Merger Integration Update,Olga.Petrova@company.com,2023-12-26 09:00:00,2023-12-26 11:00:00
93581380,Sustainability Initiatives Update,Yuki.Tanaka@company.com,2023-12-26 11:00:00,2023-12-26 11:30:00
04549175,Health and Wellness Fair,Carlos.Rodriguez@company.com,2023-12-26 11:30:00,2023-12-26 13:00:00
45495210,Creative Ideation Session,Luis.Ortiz@company.com,2023-12-26 13:00:00,2023-12-26 15:30:00
91910930,Technology Implementation Workshop,Nia.Johnson@company.com,2023-12-26 15:30:00,2023-12-26 16:30:00
22163042,Customer Service Excellence Training,Yuki.Tanaka@company.com,2023-12-27 09:00:00,2023-12-27 11:00:00
45268387,Customer Feedback Forum,Amir.Ali@company.com,2023-12-27 11:00:00,2023-12-27 11:30:00
49979986,Technology Implementation Workshop,Lena.Schmidt@company.com,2023-12-27 11:30:00,2023-12-27 12:00:00
09979116,HR Policy Update Meeting,Nia.Johnson@company.com,2023-12-27 12:30:00,2023-12-27 13:00:00
68434182,Corporate Social Responsibility Day,Sofia.Santos@company.com,2023-12-27 13:30:00,2023-12-27 14:00:00
08327095,Customer Feedback Forum,Amir.Ali@company.com,2023-12-27 14:30:00,2023-12-27 17:00:00
62401096,Quality Assurance Training,Leila.Azizi@company.com,2023-12-28 09:00:00,2023-12-28 10:30:00
45781274,Corporate Social Responsibility Day,Lena.Schmidt@company.com,2023-12-28 10:30:00,2023-12-28 11:30:00
17621996,Career Development Forum,Dmitri.Ivanov@company.com,2023-12-28 11:30:00,2023-12-28 14:30:00
43080186,Brand Refresh Reveal,Akira.Sato@company.com,2023-12-28 14:30:00,2023-12-28 15:30:00
17565810,Technology Implementation Workshop,Aisha.Chen@company.com,2023-12-28 15:30:00,2023-12-28 16:30:00
92967110,Data Security Compliance Training,Dmitri.Ivanov@company.com,2023-12-29 09:30:00,2023-12-29 10:30:00
89909973,Health and Wellness Fair,Luis.Ortiz@company.com,2023-12-29 11:00:00,2023-12-29 11:30:00
25971070,Employee Engagement Survey Results,Kofi.Mensah@company.com,2023-12-29 12:00:00,2023-12-29 12:30:00
99009268,Quarterly Sales Review,Carlos.Rodriguez@company.com,2023-12-29 12:30:00,2023-12-29 13:00:00
68129364,Quality Assurance Training,Carlos.Rodriguez@company.com,2023-12-29 13:00:00,2023-12-29 13:30:00
12933581,Board of Directors Meeting,Olga.Petrova@company.com,2023-12-29 13:30:00,2023-12-29 14:30:00
43265791,Internal Audit Summary,Chenwei.Zhang@company.com,2023-12-29 14:30:00,2023-12-29 15:30:00
66402186,Project Kickoff Meeting,Carlos.Rodriguez@company.com,2023-12-29 15:30:00,2023-12-29 18:30:00
11927714,Marketing Strategy Brainstorm,Yuki.Tanaka@company.com,2023-12-30 09:30:00,2023-12-30 11:00:00
09315618,Creative Ideation Session,Aisha.Chen@company.com,2023-12-30 11:00:00,2023-12-30 12:00:00
83716362,Project Kickoff Meeting,Yuki.Tanaka@company.com,2023-12-30 12:00:00,2023-12-30 12:30:00
99627619,Product Launch Debrief,Amir.Ali@company.com,2023-12-30 12:30:00,2023-12-30 15:00:00
37906588,Cross-Functional Collaboration Workshop,Raj.Patel@company.com,2023-12-30 15:30:00,2023-12-30 16:00:00
