email_id,inbox/outbox,sender/recipient,subject,sent_datetime,body
00000003,inbox,sofia.santos@atlas.com,Budget Approval Request,2023-10-01 09:06:08,Please review and approve the attached budget proposal.
00000030,inbox,dmitri.ivanov@atlas.com,Press Release Draft,2023-10-01 10:40:34,Please review the attached draft of our upcoming press release.
00000253,inbox,anaya.patel@atlas.com,Meeting Request,2023-10-01 11:20:52,Please find attached the details for our next meeting.
00000477,inbox,chenwei.zhang@atlas.com,Health and Safety Update,2023-10-01 12:19:51,Find the latest health and safety guidelines attached.
00000143,inbox,luis.ortiz@atlas.com,Urgent: Server Downtime,2023-10-01 12:34:01,Please be aware of the unplanned server downtime occurring tonight.
00000099,inbox,aisha.chen@atlas.com,New Policy Update,2023-10-01 13:20:25,We have updated our policy. Please read the attached document for details.
00000446,inbox,olga.petrova@atlas.com,Monthly Sales Figures,2023-10-01 13:34:50,Please find the monthly sales figures in the attached document.
00000197,inbox,kofi.mensah@atlas.com,Reminder: Event Tomorrow,2023-10-01 15:12:16,This is a reminder that the event is scheduled for tomorrow.
00000056,inbox,sofia.santos@atlas.com,Training Session Confirmation,2023-10-02 09:25:01,Your registration for the upcoming training session is confirmed.
00000261,inbox,dmitri.ivanov@atlas.com,Monthly Sales Figures,2023-10-02 10:20:21,Please find the monthly sales figures in the attached document.
00000235,inbox,leila.azizi@atlas.com,Travel Itinerary Details,2023-10-02 11:25:07,Attached are the details of your travel itinerary.
00000316,inbox,jinsoo.kim@atlas.com,Urgent: Server Downtime,2023-10-02 13:12:54,Please be aware of the unplanned server downtime occurring tonight.
00000034,inbox,lena.schmidt@atlas.com,Meeting Rescheduled,2023-10-02 13:42:42,Please note the change in the meeting date and time.
00000067,inbox,lena.schmidt@atlas.com,Holiday Schedule Confirmation,2023-10-02 13:45:26,Confirming the holiday schedule as discussed.
00000266,inbox,leila.azizi@atlas.com,Invoice Attached,2023-10-02 14:33:12,Attached is the invoice for the recent transaction.
00000495,inbox,yuki.tanaka@atlas.com,Weekly Report,2023-10-02 15:58:09,Attached is the weekly report for your review.
00000481,inbox,raj.patel@atlas.com,IT System Upgrade Schedule,2023-10-03 09:32:13,Please review the schedule for the upcoming IT system upgrade.
00000183,inbox,jinsoo.kim@atlas.com,Monthly Sales Figures,2023-10-03 11:02:53,Please find the monthly sales figures in the attached document.
00000406,inbox,sofia.santos@atlas.com,Weekly Report,2023-10-03 12:22:59,Attached is the weekly report for your review.
00000413,inbox,olga.petrova@atlas.com,Travel Itinerary Details,2023-10-03 12:26:19,Attached are the details of your travel itinerary.
00000009,inbox,anaya.patel@atlas.com,Client Meeting Follow-up,2023-10-03 12:59:58,Here is a summary of the points discussed in our recent client meeting.
00000490,inbox,akira.sato@atlas.com,Health and Safety Update,2023-10-03 14:11:26,Find the latest health and safety guidelines attached.
00000288,inbox,olga.petrova@atlas.com,Urgent: Server Downtime,2023-10-03 14:54:10,Please be aware of the unplanned server downtime occurring tonight.
00000478,inbox,anaya.patel@atlas.com,Project Update,2023-10-03 15:35:16,Here is the update on the current project.
00000376,inbox,leila.azizi@atlas.com,Customer Feedback Summary,2023-10-03 15:35:34,Attached is the summary of customer feedback from last month.
00000152,inbox,chenwei.zhang@atlas.com,Invoice Attached,2023-10-03 15:37:16,Attached is the invoice for the recent transaction.
00000119,inbox,raj.patel@atlas.com,Invoice Attached,2023-10-04 09:19:33,Attached is the invoice for the recent transaction.
00000234,inbox,nia.johnson@atlas.com,Travel Itinerary Details,2023-10-04 09:22:42,Attached are the details of your travel itinerary.
00000211,inbox,olga.petrova@atlas.com,Reminder: Event Tomorrow,2023-10-04 09:40:18,This is a reminder that the event is scheduled for tomorrow.
00000055,inbox,santiago.martinez@atlas.com,Customer Feedback Summary,2023-10-04 09:58:38,Attached is the summary of customer feedback from last month.
00000476,inbox,nadia.moreau@atlas.com,Client Meeting Follow-up,2023-10-04 10:07:51,Here is a summary of the points discussed in our recent client meeting.
00000084,inbox,kofi.mensah@atlas.com,Urgent: Server Downtime,2023-10-04 10:37:45,Please be aware of the unplanned server downtime occurring tonight.
00000138,inbox,sofia.santos@atlas.com,Project Update,2023-10-04 11:16:34,Here is the update on the current project.
00000268,inbox,anaya.patel@atlas.com,Holiday Schedule Confirmation,2023-10-04 11:33:01,Confirming the holiday schedule as discussed.
00000046,inbox,fatima.khan@atlas.com,IT System Upgrade Schedule,2023-10-04 12:25:42,Please review the schedule for the upcoming IT system upgrade.
00000076,inbox,dmitri.ivanov@atlas.com,Employee Satisfaction Survey Results,2023-10-04 12:43:19,The results of the recent employee satisfaction survey are attached.
00000134,inbox,yuki.tanaka@atlas.com,Weekly Report,2023-10-04 13:55:00,Attached is the weekly report for your review.
00000293,inbox,aisha.chen@atlas.com,Meeting Rescheduled,2023-10-04 15:13:32,Please note the change in the meeting date and time.
00000201,inbox,chenwei.zhang@atlas.com,Press Release Draft,2023-10-04 15:59:45,Please review the attached draft of our upcoming press release.
00000158,inbox,jinsoo.kim@atlas.com,Holiday Schedule Confirmation,2023-10-05 09:17:18,Confirming the holiday schedule as discussed.
00000493,inbox,luis.ortiz@atlas.com,Urgent: Server Downtime,2023-10-05 11:27:51,Please be aware of the unplanned server downtime occurring tonight.
00000224,inbox,leila.azizi@atlas.com,Client Meeting Follow-up,2023-10-05 12:20:39,Here is a summary of the points discussed in our recent client meeting.
00000273,inbox,lena.schmidt@atlas.com,Meeting Rescheduled,2023-10-05 14:11:03,Please note the change in the meeting date and time.
00000169,inbox,nadia.moreau@atlas.com,IT System Upgrade Schedule,2023-10-05 15:13:55,Please review the schedule for the upcoming IT system upgrade.
00000431,inbox,akira.sato@atlas.com,Training Session Confirmation,2023-10-06 09:52:50,Your registration for the upcoming training session is confirmed.
00000442,inbox,akira.sato@atlas.com,Monthly Sales Figures,2023-10-06 10:23:16,Please find the monthly sales figures in the attached document.
00000144,inbox,akira.sato@atlas.com,IT System Upgrade Schedule,2023-10-06 10:39:16,Please review the schedule for the upcoming IT system upgrade.
00000240,inbox,fatima.khan@atlas.com,Health and Safety Update,2023-10-06 11:56:37,Find the latest health and safety guidelines attached.
00000250,inbox,chenwei.zhang@atlas.com,Reminder: Event Tomorrow,2023-10-07 10:41:06,This is a reminder that the event is scheduled for tomorrow.
00000044,inbox,nadia.moreau@atlas.com,Customer Feedback Summary,2023-10-07 11:05:05,Attached is the summary of customer feedback from last month.
00000010,inbox,luis.ortiz@atlas.com,Monthly Sales Figures,2023-10-07 12:15:25,Please find the monthly sales figures in the attached document.
00000454,inbox,jinsoo.kim@atlas.com,Weekly Report,2023-10-07 14:01:42,Attached is the weekly report for your review.
00000233,inbox,nia.johnson@atlas.com,New Policy Update,2023-10-07 14:33:40,We have updated our policy. Please read the attached document for details.
00000381,inbox,santiago.martinez@atlas.com,IT System Upgrade Schedule,2023-10-07 14:34:44,Please review the schedule for the upcoming IT system upgrade.
00000036,inbox,olga.petrova@atlas.com,Reminder: Event Tomorrow,2023-10-08 09:34:51,This is a reminder that the event is scheduled for tomorrow.
00000054,inbox,luis.ortiz@atlas.com,Meeting Rescheduled,2023-10-08 10:11:44,Please note the change in the meeting date and time.
00000040,inbox,raj.patel@atlas.com,Budget Approval Request,2023-10-08 10:50:44,Please review and approve the attached budget proposal.
00000373,inbox,santiago.martinez@atlas.com,Weekly Report,2023-10-08 11:17:49,Attached is the weekly report for your review.
00000141,inbox,luis.ortiz@atlas.com,Press Release Draft,2023-10-08 11:37:02,Please review the attached draft of our upcoming press release.
00000017,inbox,fatima.khan@atlas.com,Invoice Attached,2023-10-08 12:15:12,Attached is the invoice for the recent transaction.
00000190,inbox,dmitri.ivanov@atlas.com,Meeting Request,2023-10-08 12:21:21,Please find attached the details for our next meeting.
00000311,inbox,fatima.khan@atlas.com,New Policy Update,2023-10-08 12:38:38,We have updated our policy. Please read the attached document for details.
00000337,inbox,aisha.chen@atlas.com,Client Meeting Follow-up,2023-10-08 14:41:36,Here is a summary of the points discussed in our recent client meeting.
00000174,inbox,raj.patel@atlas.com,Employee Satisfaction Survey Results,2023-10-08 15:48:52,The results of the recent employee satisfaction survey are attached.
00000204,inbox,lena.schmidt@atlas.com,Training Session Confirmation,2023-10-08 15:53:27,Your registration for the upcoming training session is confirmed.
00000091,inbox,olga.petrova@atlas.com,Reminder: Event Tomorrow,2023-10-09 09:58:05,This is a reminder that the event is scheduled for tomorrow.
00000339,inbox,santiago.martinez@atlas.com,Press Release Draft,2023-10-09 10:07:20,Please review the attached draft of our upcoming press release.
00000015,inbox,chenwei.zhang@atlas.com,Customer Feedback Summary,2023-10-09 11:53:47,Attached is the summary of customer feedback from last month.
00000126,inbox,amir.ali@atlas.com,Urgent: Server Downtime,2023-10-09 12:34:16,Please be aware of the unplanned server downtime occurring tonight.
00000377,inbox,jinsoo.kim@atlas.com,IT System Upgrade Schedule,2023-10-09 13:12:13,Please review the schedule for the upcoming IT system upgrade.
00000150,inbox,aisha.chen@atlas.com,Client Meeting Follow-up,2023-10-09 14:10:53,Here is a summary of the points discussed in our recent client meeting.
00000257,inbox,nia.johnson@atlas.com,Meeting Request,2023-10-10 09:36:47,Please find attached the details for our next meeting.
00000256,inbox,yuki.tanaka@atlas.com,Press Release Draft,2023-10-10 11:46:41,Please review the attached draft of our upcoming press release.
00000438,inbox,raj.patel@atlas.com,Employee Satisfaction Survey Results,2023-10-10 11:56:33,The results of the recent employee satisfaction survey are attached.
00000451,inbox,amir.ali@atlas.com,Travel Itinerary Details,2023-10-10 12:47:38,Attached are the details of your travel itinerary.
00000335,inbox,luis.ortiz@atlas.com,Monthly Sales Figures,2023-10-10 13:08:59,Please find the monthly sales figures in the attached document.
00000407,inbox,amir.ali@atlas.com,IT System Upgrade Schedule,2023-10-10 15:11:19,Please review the schedule for the upcoming IT system upgrade.
00000239,inbox,lena.schmidt@atlas.com,Customer Feedback Summary,2023-10-10 15:49:47,Attached is the summary of customer feedback from last month.
00000299,inbox,amir.ali@atlas.com,Monthly Sales Figures,2023-10-11 10:48:31,Please find the monthly sales figures in the attached document.
00000386,inbox,yuki.tanaka@atlas.com,Customer Feedback Summary,2023-10-11 13:01:41,Attached is the summary of customer feedback from last month.
00000213,inbox,nia.johnson@atlas.com,Invoice Attached,2023-10-11 13:20:21,Attached is the invoice for the recent transaction.
00000341,inbox,kofi.mensah@atlas.com,Meeting Rescheduled,2023-10-11 13:42:19,Please note the change in the meeting date and time.
00000177,inbox,lena.schmidt@atlas.com,New Policy Update,2023-10-11 14:23:03,We have updated our policy. Please read the attached document for details.
00000462,inbox,carlos.rodriguez@atlas.com,Project Update,2023-10-11 15:31:05,Here is the update on the current project.
00000418,inbox,carlos.rodriguez@atlas.com,Employee Satisfaction Survey Results,2023-10-11 15:52:41,The results of the recent employee satisfaction survey are attached.
00000463,inbox,jinsoo.kim@atlas.com,Press Release Draft,2023-10-12 09:57:19,Please review the attached draft of our upcoming press release.
00000324,inbox,amir.ali@atlas.com,Client Meeting Follow-up,2023-10-12 10:06:10,Here is a summary of the points discussed in our recent client meeting.
00000218,inbox,akira.sato@atlas.com,Reminder: Event Tomorrow,2023-10-12 10:12:41,This is a reminder that the event is scheduled for tomorrow.
00000087,inbox,olga.petrova@atlas.com,Staff Roster for Next Week,2023-10-12 10:38:12,Attached is the staff roster for next week.
00000350,inbox,carlos.rodriguez@atlas.com,Weekly Report,2023-10-12 14:19:36,Attached is the weekly report for your review.
00000139,inbox,jinsoo.kim@atlas.com,Training Session Confirmation,2023-10-12 14:20:53,Your registration for the upcoming training session is confirmed.
00000236,inbox,kofi.mensah@atlas.com,Budget Approval Request,2023-10-12 15:12:49,Please review and approve the attached budget proposal.
00000069,inbox,olga.petrova@atlas.com,Employee Satisfaction Survey Results,2023-10-12 15:28:10,The results of the recent employee satisfaction survey are attached.
00000226,inbox,chenwei.zhang@atlas.com,New Policy Update,2023-10-12 15:30:54,We have updated our policy. Please read the attached document for details.
00000072,inbox,anaya.patel@atlas.com,Customer Feedback Summary,2023-10-13 09:07:20,Attached is the summary of customer feedback from last month.
00000247,inbox,lena.schmidt@atlas.com,New Policy Update,2023-10-13 09:28:07,We have updated our policy. Please read the attached document for details.
00000135,inbox,chenwei.zhang@atlas.com,Reminder: Event Tomorrow,2023-10-13 10:04:29,This is a reminder that the event is scheduled for tomorrow.
00000077,inbox,amir.ali@atlas.com,Holiday Schedule Confirmation,2023-10-13 10:39:20,Confirming the holiday schedule as discussed.
00000225,inbox,santiago.martinez@atlas.com,Staff Roster for Next Week,2023-10-13 12:56:21,Attached is the staff roster for next week.
00000436,inbox,luis.ortiz@atlas.com,Weekly Report,2023-10-13 12:57:19,Attached is the weekly report for your review.
00000486,inbox,dmitri.ivanov@atlas.com,Urgent: Server Downtime,2023-10-13 13:13:36,Please be aware of the unplanned server downtime occurring tonight.
00000411,inbox,carlos.rodriguez@atlas.com,Monthly Sales Figures,2023-10-13 13:25:13,Please find the monthly sales figures in the attached document.
00000271,inbox,dmitri.ivanov@atlas.com,Invoice Attached,2023-10-13 14:44:54,Attached is the invoice for the recent transaction.
00000167,inbox,santiago.martinez@atlas.com,Client Meeting Follow-up,2023-10-13 15:00:16,Here is a summary of the points discussed in our recent client meeting.
00000284,inbox,carlos.rodriguez@atlas.com,Employee Satisfaction Survey Results,2023-10-13 15:42:20,The results of the recent employee satisfaction survey are attached.
00000351,inbox,lena.schmidt@atlas.com,IT System Upgrade Schedule,2023-10-13 15:44:14,Please review the schedule for the upcoming IT system upgrade.
00000291,inbox,raj.patel@atlas.com,Urgent: Server Downtime,2023-10-14 09:36:01,Please be aware of the unplanned server downtime occurring tonight.
00000031,inbox,anaya.patel@atlas.com,Travel Itinerary Details,2023-10-14 09:50:44,Attached are the details of your travel itinerary.
00000043,inbox,sofia.santos@atlas.com,IT System Upgrade Schedule,2023-10-14 10:03:24,Please review the schedule for the upcoming IT system upgrade.
00000129,inbox,dmitri.ivanov@atlas.com,Training Session Confirmation,2023-10-14 13:00:39,Your registration for the upcoming training session is confirmed.
00000073,inbox,carlos.rodriguez@atlas.com,Holiday Schedule Confirmation,2023-10-14 15:15:53,Confirming the holiday schedule as discussed.
00000205,inbox,jinsoo.kim@atlas.com,Monthly Sales Figures,2023-10-15 09:21:37,Please find the monthly sales figures in the attached document.
00000313,inbox,leila.azizi@atlas.com,Project Update,2023-10-15 10:28:32,Here is the update on the current project.
00000202,inbox,leila.azizi@atlas.com,Client Meeting Follow-up,2023-10-15 11:11:40,Here is a summary of the points discussed in our recent client meeting.
00000296,inbox,chenwei.zhang@atlas.com,Weekly Report,2023-10-15 11:22:26,Attached is the weekly report for your review.
00000086,inbox,akira.sato@atlas.com,Staff Roster for Next Week,2023-10-15 12:20:12,Attached is the staff roster for next week.
00000096,inbox,anaya.patel@atlas.com,Reminder: Event Tomorrow,2023-10-15 12:44:59,This is a reminder that the event is scheduled for tomorrow.
00000371,inbox,nia.johnson@atlas.com,IT System Upgrade Schedule,2023-10-15 14:10:32,Please review the schedule for the upcoming IT system upgrade.
00000206,inbox,leila.azizi@atlas.com,Customer Feedback Summary,2023-10-15 14:26:12,Attached is the summary of customer feedback from last month.
00000118,inbox,jinsoo.kim@atlas.com,Urgent: Server Downtime,2023-10-15 14:39:17,Please be aware of the unplanned server downtime occurring tonight.
00000214,inbox,lena.schmidt@atlas.com,Holiday Schedule Confirmation,2023-10-15 15:47:41,Confirming the holiday schedule as discussed.
00000277,inbox,chenwei.zhang@atlas.com,Holiday Schedule Confirmation,2023-10-16 09:06:12,Confirming the holiday schedule as discussed.
00000195,inbox,jinsoo.kim@atlas.com,Health and Safety Update,2023-10-16 09:11:43,Find the latest health and safety guidelines attached.
00000397,inbox,akira.sato@atlas.com,New Policy Update,2023-10-16 09:19:57,We have updated our policy. Please read the attached document for details.
00000479,inbox,lena.schmidt@atlas.com,Press Release Draft,2023-10-16 09:52:55,Please review the attached draft of our upcoming press release.
00000281,inbox,santiago.martinez@atlas.com,Training Session Confirmation,2023-10-16 11:04:54,Your registration for the upcoming training session is confirmed.
00000450,inbox,anaya.patel@atlas.com,Client Meeting Follow-up,2023-10-16 11:25:39,Here is a summary of the points discussed in our recent client meeting.
00000163,inbox,sofia.santos@atlas.com,Customer Feedback Summary,2023-10-16 11:47:38,Attached is the summary of customer feedback from last month.
00000039,inbox,fatima.khan@atlas.com,Meeting Rescheduled,2023-10-16 12:29:10,Please note the change in the meeting date and time.
00000494,inbox,akira.sato@atlas.com,Budget Approval Request,2023-10-16 13:01:51,Please review and approve the attached budget proposal.
00000469,inbox,dmitri.ivanov@atlas.com,Meeting Request,2023-10-16 15:35:43,Please find attached the details for our next meeting.
00000145,inbox,dmitri.ivanov@atlas.com,New Policy Update,2023-10-17 09:29:52,We have updated our policy. Please read the attached document for details.
00000080,inbox,carlos.rodriguez@atlas.com,Holiday Schedule Confirmation,2023-10-17 09:55:43,Confirming the holiday schedule as discussed.
00000444,inbox,leila.azizi@atlas.com,Project Update,2023-10-17 10:43:33,Here is the update on the current project.
00000081,inbox,lena.schmidt@atlas.com,Weekly Report,2023-10-17 11:13:11,Attached is the weekly report for your review.
00000280,inbox,santiago.martinez@atlas.com,Customer Feedback Summary,2023-10-17 12:32:21,Attached is the summary of customer feedback from last month.
00000269,inbox,kofi.mensah@atlas.com,Press Release Draft,2023-10-17 13:57:56,Please review the attached draft of our upcoming press release.
00000111,inbox,anaya.patel@atlas.com,Training Session Confirmation,2023-10-17 14:03:19,Your registration for the upcoming training session is confirmed.
00000116,inbox,sofia.santos@atlas.com,IT System Upgrade Schedule,2023-10-17 15:20:19,Please review the schedule for the upcoming IT system upgrade.
00000113,inbox,chenwei.zhang@atlas.com,New Policy Update,2023-10-18 11:00:23,We have updated our policy. Please read the attached document for details.
00000049,inbox,olga.petrova@atlas.com,Project Update,2023-10-18 11:33:26,Here is the update on the current project.
00000318,inbox,dmitri.ivanov@atlas.com,Weekly Report,2023-10-18 14:07:16,Attached is the weekly report for your review.
00000455,inbox,anaya.patel@atlas.com,Client Meeting Follow-up,2023-10-18 15:16:16,Here is a summary of the points discussed in our recent client meeting.
00000396,inbox,kofi.mensah@atlas.com,Travel Itinerary Details,2023-10-18 15:37:09,Attached are the details of your travel itinerary.
00000401,inbox,kofi.mensah@atlas.com,Monthly Sales Figures,2023-10-19 10:05:48,Please find the monthly sales figures in the attached document.
00000415,inbox,jinsoo.kim@atlas.com,Press Release Draft,2023-10-19 10:10:55,Please review the attached draft of our upcoming press release.
00000448,inbox,leila.azizi@atlas.com,Client Meeting Follow-up,2023-10-19 11:47:04,Here is a summary of the points discussed in our recent client meeting.
00000342,inbox,aisha.chen@atlas.com,New Policy Update,2023-10-19 13:50:48,We have updated our policy. Please read the attached document for details.
00000370,inbox,santiago.martinez@atlas.com,Holiday Schedule Confirmation,2023-10-19 14:38:32,Confirming the holiday schedule as discussed.
00000037,inbox,dmitri.ivanov@atlas.com,Meeting Rescheduled,2023-10-19 15:24:54,Please note the change in the meeting date and time.
00000033,inbox,aisha.chen@atlas.com,Budget Approval Request,2023-10-19 15:33:51,Please review and approve the attached budget proposal.
00000328,inbox,dmitri.ivanov@atlas.com,Invoice Attached,2023-10-19 15:48:29,Attached is the invoice for the recent transaction.
00000279,inbox,raj.patel@atlas.com,Meeting Rescheduled,2023-10-20 09:33:49,Please note the change in the meeting date and time.
00000434,inbox,fatima.khan@atlas.com,Holiday Schedule Confirmation,2023-10-20 09:40:07,Confirming the holiday schedule as discussed.
00000356,inbox,dmitri.ivanov@atlas.com,Meeting Request,2023-10-20 10:31:56,Please find attached the details for our next meeting.
00000332,inbox,chenwei.zhang@atlas.com,New Policy Update,2023-10-20 11:08:21,We have updated our policy. Please read the attached document for details.
00000321,inbox,raj.patel@atlas.com,Customer Feedback Summary,2023-10-20 11:13:38,Attached is the summary of customer feedback from last month.
00000178,inbox,kofi.mensah@atlas.com,Training Session Confirmation,2023-10-20 11:34:03,Your registration for the upcoming training session is confirmed.
00000419,inbox,raj.patel@atlas.com,Weekly Report,2023-10-20 12:25:17,Attached is the weekly report for your review.
00000290,inbox,kofi.mensah@atlas.com,Staff Roster for Next Week,2023-10-20 13:52:35,Attached is the staff roster for next week.
00000124,inbox,carlos.rodriguez@atlas.com,IT System Upgrade Schedule,2023-10-20 14:55:37,Please review the schedule for the upcoming IT system upgrade.
00000440,inbox,aisha.chen@atlas.com,Budget Approval Request,2023-10-21 10:31:37,Please review and approve the attached budget proposal.
00000306,inbox,amir.ali@atlas.com,Invoice Attached,2023-10-21 10:42:35,Attached is the invoice for the recent transaction.
00000051,inbox,anaya.patel@atlas.com,Meeting Request,2023-10-21 11:47:18,Please find attached the details for our next meeting.
00000085,inbox,nadia.moreau@atlas.com,New Policy Update,2023-10-21 11:59:28,We have updated our policy. Please read the attached document for details.
00000164,inbox,leila.azizi@atlas.com,Press Release Draft,2023-10-21 12:22:44,Please review the attached draft of our upcoming press release.
00000035,inbox,yuki.tanaka@atlas.com,IT System Upgrade Schedule,2023-10-21 13:17:27,Please review the schedule for the upcoming IT system upgrade.
00000471,inbox,yuki.tanaka@atlas.com,Meeting Rescheduled,2023-10-21 14:29:09,Please note the change in the meeting date and time.
00000185,inbox,dmitri.ivanov@atlas.com,Monthly Sales Figures,2023-10-21 14:41:11,Please find the monthly sales figures in the attached document.
00000489,inbox,sofia.santos@atlas.com,Travel Itinerary Details,2023-10-21 15:55:54,Attached are the details of your travel itinerary.
00000310,inbox,chenwei.zhang@atlas.com,Project Update,2023-10-22 10:34:51,Here is the update on the current project.
00000038,inbox,amir.ali@atlas.com,Reminder: Event Tomorrow,2023-10-22 10:46:07,This is a reminder that the event is scheduled for tomorrow.
00000068,inbox,akira.sato@atlas.com,Weekly Report,2023-10-22 12:19:31,Attached is the weekly report for your review.
00000106,inbox,luis.ortiz@atlas.com,Staff Roster for Next Week,2023-10-22 12:28:12,Attached is the staff roster for next week.
00000375,inbox,dmitri.ivanov@atlas.com,Press Release Draft,2023-10-22 12:48:08,Please review the attached draft of our upcoming press release.
00000110,inbox,chenwei.zhang@atlas.com,Travel Itinerary Details,2023-10-22 13:11:29,Attached are the details of your travel itinerary.
00000130,inbox,lena.schmidt@atlas.com,Training Session Confirmation,2023-10-23 09:46:19,Your registration for the upcoming training session is confirmed.
00000089,inbox,jinsoo.kim@atlas.com,Monthly Sales Figures,2023-10-23 10:04:46,Please find the monthly sales figures in the attached document.
00000255,inbox,santiago.martinez@atlas.com,Meeting Request,2023-10-23 10:12:06,Please find attached the details for our next meeting.
00000212,inbox,jinsoo.kim@atlas.com,Urgent: Server Downtime,2023-10-23 10:18:46,Please be aware of the unplanned server downtime occurring tonight.
00000378,inbox,santiago.martinez@atlas.com,Staff Roster for Next Week,2023-10-23 11:42:59,Attached is the staff roster for next week.
00000423,inbox,chenwei.zhang@atlas.com,IT System Upgrade Schedule,2023-10-23 12:12:12,Please review the schedule for the upcoming IT system upgrade.
00000114,inbox,aisha.chen@atlas.com,New Policy Update,2023-10-23 12:13:55,We have updated our policy. Please read the attached document for details.
00000470,inbox,santiago.martinez@atlas.com,Customer Feedback Summary,2023-10-23 12:49:36,Attached is the summary of customer feedback from last month.
00000305,inbox,kofi.mensah@atlas.com,Health and Safety Update,2023-10-23 13:13:14,Find the latest health and safety guidelines attached.
00000180,inbox,nadia.moreau@atlas.com,Budget Approval Request,2023-10-23 13:31:45,Please review and approve the attached budget proposal.
00000004,inbox,akira.sato@atlas.com,Client Meeting Follow-up,2023-10-23 14:23:36,Here is a summary of the points discussed in our recent client meeting.
00000457,inbox,raj.patel@atlas.com,Weekly Report,2023-10-23 14:25:41,Attached is the weekly report for your review.
00000109,inbox,kofi.mensah@atlas.com,Employee Satisfaction Survey Results,2023-10-23 15:03:28,The results of the recent employee satisfaction survey are attached.
00000194,inbox,chenwei.zhang@atlas.com,Press Release Draft,2023-10-23 15:30:41,Please review the attached draft of our upcoming press release.
00000363,inbox,amir.ali@atlas.com,Project Update,2023-10-24 09:21:11,Here is the update on the current project.
00000459,inbox,aisha.chen@atlas.com,Health and Safety Update,2023-10-24 09:39:09,Find the latest health and safety guidelines attached.
00000221,inbox,santiago.martinez@atlas.com,Meeting Request,2023-10-24 09:53:41,Please find attached the details for our next meeting.
00000467,inbox,sofia.santos@atlas.com,Staff Roster for Next Week,2023-10-24 10:29:16,Attached is the staff roster for next week.
00000374,inbox,anaya.patel@atlas.com,Training Session Confirmation,2023-10-24 10:45:02,Your registration for the upcoming training session is confirmed.
00000230,inbox,lena.schmidt@atlas.com,Customer Feedback Summary,2023-10-24 11:35:49,Attached is the summary of customer feedback from last month.
00000445,inbox,anaya.patel@atlas.com,Meeting Rescheduled,2023-10-24 12:51:47,Please note the change in the meeting date and time.
00000071,inbox,anaya.patel@atlas.com,Holiday Schedule Confirmation,2023-10-24 12:57:02,Confirming the holiday schedule as discussed.
00000404,inbox,sofia.santos@atlas.com,Employee Satisfaction Survey Results,2023-10-24 13:28:59,The results of the recent employee satisfaction survey are attached.
00000238,inbox,aisha.chen@atlas.com,Customer Feedback Summary,2023-10-25 09:00:05,Attached is the summary of customer feedback from last month.
00000326,inbox,luis.ortiz@atlas.com,New Policy Update,2023-10-25 09:00:50,We have updated our policy. Please read the attached document for details.
00000483,inbox,santiago.martinez@atlas.com,IT System Upgrade Schedule,2023-10-25 09:37:43,Please review the schedule for the upcoming IT system upgrade.
00000170,inbox,santiago.martinez@atlas.com,Monthly Sales Figures,2023-10-25 10:28:09,Please find the monthly sales figures in the attached document.
00000402,inbox,raj.patel@atlas.com,Budget Approval Request,2023-10-25 11:18:28,Please review and approve the attached budget proposal.
00000066,inbox,sofia.santos@atlas.com,Staff Roster for Next Week,2023-10-25 13:41:35,Attached is the staff roster for next week.
00000207,inbox,jinsoo.kim@atlas.com,Reminder: Event Tomorrow,2023-10-25 14:13:12,This is a reminder that the event is scheduled for tomorrow.
00000498,inbox,amir.ali@atlas.com,Urgent: Server Downtime,2023-10-25 14:41:09,Please be aware of the unplanned server downtime occurring tonight.
00000244,inbox,fatima.khan@atlas.com,Weekly Report,2023-10-25 15:49:19,Attached is the weekly report for your review.
00000400,inbox,olga.petrova@atlas.com,Training Session Confirmation,2023-10-26 09:35:50,Your registration for the upcoming training session is confirmed.
00000058,inbox,lena.schmidt@atlas.com,Budget Approval Request,2023-10-26 09:44:25,Please review and approve the attached budget proposal.
00000433,inbox,amir.ali@atlas.com,New Policy Update,2023-10-26 10:39:45,We have updated our policy. Please read the attached document for details.
00000019,inbox,santiago.martinez@atlas.com,Weekly Report,2023-10-26 10:53:04,Attached is the weekly report for your review.
00000270,inbox,sofia.santos@atlas.com,Meeting Request,2023-10-26 11:20:27,Please find attached the details for our next meeting.
00000327,inbox,akira.sato@atlas.com,Reminder: Event Tomorrow,2023-10-26 13:16:21,This is a reminder that the event is scheduled for tomorrow.
00000024,inbox,sofia.santos@atlas.com,Travel Itinerary Details,2023-10-26 13:34:22,Attached are the details of your travel itinerary.
00000136,inbox,raj.patel@atlas.com,Monthly Sales Figures,2023-10-26 13:36:41,Please find the monthly sales figures in the attached document.
00000456,inbox,fatima.khan@atlas.com,Project Update,2023-10-26 14:51:44,Here is the update on the current project.
00000365,inbox,leila.azizi@atlas.com,Press Release Draft,2023-10-26 14:54:57,Please review the attached draft of our upcoming press release.
00000389,inbox,carlos.rodriguez@atlas.com,Urgent: Server Downtime,2023-10-26 15:44:42,Please be aware of the unplanned server downtime occurring tonight.
00000301,inbox,chenwei.zhang@atlas.com,Weekly Report,2023-10-27 09:01:23,Attached is the weekly report for your review.
00000161,inbox,santiago.martinez@atlas.com,Employee Satisfaction Survey Results,2023-10-27 10:03:00,The results of the recent employee satisfaction survey are attached.
00000155,inbox,aisha.chen@atlas.com,Urgent: Server Downtime,2023-10-27 10:43:06,Please be aware of the unplanned server downtime occurring tonight.
00000300,inbox,leila.azizi@atlas.com,Meeting Request,2023-10-27 10:58:05,Please find attached the details for our next meeting.
00000108,inbox,jinsoo.kim@atlas.com,Travel Itinerary Details,2023-10-27 11:01:40,Attached are the details of your travel itinerary.
00000430,inbox,amir.ali@atlas.com,Client Meeting Follow-up,2023-10-27 14:13:43,Here is a summary of the points discussed in our recent client meeting.
00000146,inbox,aisha.chen@atlas.com,Reminder: Event Tomorrow,2023-10-27 15:07:17,This is a reminder that the event is scheduled for tomorrow.
00000405,inbox,dmitri.ivanov@atlas.com,Monthly Sales Figures,2023-10-27 15:21:58,Please find the monthly sales figures in the attached document.
00000382,inbox,sofia.santos@atlas.com,IT System Upgrade Schedule,2023-10-28 09:03:41,Please review the schedule for the upcoming IT system upgrade.
00000410,inbox,sofia.santos@atlas.com,Meeting Rescheduled,2023-10-28 09:13:06,Please note the change in the meeting date and time.
00000120,inbox,aisha.chen@atlas.com,Client Meeting Follow-up,2023-10-28 10:32:20,Here is a summary of the points discussed in our recent client meeting.
00000304,inbox,nadia.moreau@atlas.com,Health and Safety Update,2023-10-28 11:31:49,Find the latest health and safety guidelines attached.
00000093,inbox,lena.schmidt@atlas.com,Training Session Confirmation,2023-10-28 11:39:53,Your registration for the upcoming training session is confirmed.
00000237,inbox,nadia.moreau@atlas.com,Meeting Request,2023-10-28 11:51:48,Please find attached the details for our next meeting.
00000101,inbox,akira.sato@atlas.com,Customer Feedback Summary,2023-10-28 11:54:33,Attached is the summary of customer feedback from last month.
00000023,inbox,anaya.patel@atlas.com,Urgent: Server Downtime,2023-10-28 14:30:51,Please be aware of the unplanned server downtime occurring tonight.
00000001,inbox,sofia.santos@atlas.com,Reminder: Event Tomorrow,2023-10-28 14:49:57,This is a reminder that the event is scheduled for tomorrow.
00000282,inbox,luis.ortiz@atlas.com,Invoice Attached,2023-10-28 15:00:24,Attached is the invoice for the recent transaction.
00000285,inbox,luis.ortiz@atlas.com,Health and Safety Update,2023-10-29 09:14:29,Find the latest health and safety guidelines attached.
00000394,inbox,yuki.tanaka@atlas.com,Monthly Sales Figures,2023-10-29 09:25:55,Please find the monthly sales figures in the attached document.
00000215,inbox,fatima.khan@atlas.com,Staff Roster for Next Week,2023-10-29 09:55:35,Attached is the staff roster for next week.
00000243,inbox,luis.ortiz@atlas.com,Invoice Attached,2023-10-29 10:12:35,Attached is the invoice for the recent transaction.
00000020,inbox,chenwei.zhang@atlas.com,Meeting Request,2023-10-29 11:42:36,Please find attached the details for our next meeting.
00000473,inbox,anaya.patel@atlas.com,Holiday Schedule Confirmation,2023-10-29 12:13:31,Confirming the holiday schedule as discussed.
00000070,inbox,chenwei.zhang@atlas.com,Budget Approval Request,2023-10-29 13:10:51,Please review and approve the attached budget proposal.
00000025,inbox,raj.patel@atlas.com,Project Update,2023-10-29 13:37:18,Here is the update on the current project.
00000392,inbox,olga.petrova@atlas.com,Weekly Report,2023-10-29 14:29:28,Attached is the weekly report for your review.
00000188,inbox,nadia.moreau@atlas.com,Reminder: Event Tomorrow,2023-10-29 15:18:42,This is a reminder that the event is scheduled for tomorrow.
00000187,inbox,kofi.mensah@atlas.com,Customer Feedback Summary,2023-10-29 15:39:12,Attached is the summary of customer feedback from last month.
00000159,inbox,jinsoo.kim@atlas.com,Reminder: Event Tomorrow,2023-10-30 09:42:38,This is a reminder that the event is scheduled for tomorrow.
00000157,inbox,raj.patel@atlas.com,Training Session Confirmation,2023-10-30 11:29:05,Your registration for the upcoming training session is confirmed.
00000348,inbox,anaya.patel@atlas.com,Press Release Draft,2023-10-30 11:48:50,Please review the attached draft of our upcoming press release.
00000059,inbox,chenwei.zhang@atlas.com,Health and Safety Update,2023-10-30 12:38:34,Find the latest health and safety guidelines attached.
00000065,inbox,fatima.khan@atlas.com,Customer Feedback Summary,2023-10-30 13:50:57,Attached is the summary of customer feedback from last month.
00000112,inbox,nadia.moreau@atlas.com,Staff Roster for Next Week,2023-10-30 14:53:44,Attached is the staff roster for next week.
00000032,inbox,yuki.tanaka@atlas.com,Holiday Schedule Confirmation,2023-10-30 14:58:56,Confirming the holiday schedule as discussed.
00000008,inbox,amir.ali@atlas.com,Weekly Report,2023-11-01 09:18:01,Attached is the weekly report for your review.
00000083,inbox,akira.sato@atlas.com,Travel Itinerary Details,2023-11-01 09:18:30,Attached are the details of your travel itinerary.
00000199,inbox,amir.ali@atlas.com,Employee Satisfaction Survey Results,2023-11-01 09:51:08,The results of the recent employee satisfaction survey are attached.
00000353,inbox,lena.schmidt@atlas.com,Health and Safety Update,2023-11-01 10:13:45,Find the latest health and safety guidelines attached.
00000429,inbox,lena.schmidt@atlas.com,Budget Approval Request,2023-11-01 10:28:28,Please review and approve the attached budget proposal.
00000208,inbox,nadia.moreau@atlas.com,Staff Roster for Next Week,2023-11-01 11:31:35,Attached is the staff roster for next week.
00000014,inbox,chenwei.zhang@atlas.com,Invoice Attached,2023-11-01 12:20:31,Attached is the invoice for the recent transaction.
00000465,inbox,jinsoo.kim@atlas.com,Holiday Schedule Confirmation,2023-11-01 13:16:40,Confirming the holiday schedule as discussed.
00000060,inbox,lena.schmidt@atlas.com,Training Session Confirmation,2023-11-01 13:41:43,Your registration for the upcoming training session is confirmed.
00000322,inbox,amir.ali@atlas.com,Meeting Rescheduled,2023-11-02 09:43:43,Please note the change in the meeting date and time.
00000045,inbox,carlos.rodriguez@atlas.com,Reminder: Event Tomorrow,2023-11-02 10:04:58,This is a reminder that the event is scheduled for tomorrow.
00000340,inbox,nadia.moreau@atlas.com,Holiday Schedule Confirmation,2023-11-02 11:09:29,Confirming the holiday schedule as discussed.
00000424,inbox,santiago.martinez@atlas.com,Meeting Request,2023-11-02 11:27:09,Please find attached the details for our next meeting.
00000121,inbox,santiago.martinez@atlas.com,Client Meeting Follow-up,2023-11-02 11:39:55,Here is a summary of the points discussed in our recent client meeting.
00000021,inbox,lena.schmidt@atlas.com,Monthly Sales Figures,2023-11-02 11:40:06,Please find the monthly sales figures in the attached document.
00000278,inbox,sofia.santos@atlas.com,Training Session Confirmation,2023-11-02 12:27:42,Your registration for the upcoming training session is confirmed.
00000294,inbox,amir.ali@atlas.com,Urgent: Server Downtime,2023-11-02 14:02:45,Please be aware of the unplanned server downtime occurring tonight.
00000196,inbox,aisha.chen@atlas.com,Meeting Rescheduled,2023-11-03 10:02:58,Please note the change in the meeting date and time.
00000308,inbox,anaya.patel@atlas.com,Holiday Schedule Confirmation,2023-11-03 13:38:13,Confirming the holiday schedule as discussed.
00000154,inbox,akira.sato@atlas.com,Reminder: Event Tomorrow,2023-11-03 13:40:28,This is a reminder that the event is scheduled for tomorrow.
00000133,inbox,akira.sato@atlas.com,Health and Safety Update,2023-11-03 13:54:08,Find the latest health and safety guidelines attached.
00000079,inbox,olga.petrova@atlas.com,Staff Roster for Next Week,2023-11-03 14:13:15,Attached is the staff roster for next week.
00000369,inbox,lena.schmidt@atlas.com,Urgent: Server Downtime,2023-11-03 14:23:10,Please be aware of the unplanned server downtime occurring tonight.
00000366,inbox,raj.patel@atlas.com,New Policy Update,2023-11-03 14:51:12,We have updated our policy. Please read the attached document for details.
00000090,inbox,dmitri.ivanov@atlas.com,Project Update,2023-11-03 15:20:17,Here is the update on the current project.
00000242,inbox,olga.petrova@atlas.com,Urgent: Server Downtime,2023-11-04 09:15:14,Please be aware of the unplanned server downtime occurring tonight.
00000432,inbox,amir.ali@atlas.com,Project Update,2023-11-04 10:04:18,Here is the update on the current project.
00000358,inbox,dmitri.ivanov@atlas.com,Health and Safety Update,2023-11-04 10:28:16,Find the latest health and safety guidelines attached.
00000461,inbox,akira.sato@atlas.com,Weekly Report,2023-11-04 10:34:57,Attached is the weekly report for your review.
00000484,inbox,fatima.khan@atlas.com,Reminder: Event Tomorrow,2023-11-04 12:44:01,This is a reminder that the event is scheduled for tomorrow.
00000248,inbox,kofi.mensah@atlas.com,Budget Approval Request,2023-11-04 15:07:14,Please review and approve the attached budget proposal.
00000176,inbox,carlos.rodriguez@atlas.com,Meeting Request,2023-11-05 09:17:55,Please find attached the details for our next meeting.
00000147,inbox,yuki.tanaka@atlas.com,Urgent: Server Downtime,2023-11-05 12:56:28,Please be aware of the unplanned server downtime occurring tonight.
00000422,inbox,carlos.rodriguez@atlas.com,Project Update,2023-11-05 15:00:59,Here is the update on the current project.
00000355,inbox,kofi.mensah@atlas.com,New Policy Update,2023-11-05 15:02:49,We have updated our policy. Please read the attached document for details.
00000352,inbox,leila.azizi@atlas.com,Holiday Schedule Confirmation,2023-11-05 15:19:24,Confirming the holiday schedule as discussed.
00000173,inbox,nia.johnson@atlas.com,Meeting Rescheduled,2023-11-06 09:09:49,Please note the change in the meeting date and time.
00000189,inbox,jinsoo.kim@atlas.com,Monthly Sales Figures,2023-11-06 09:13:10,Please find the monthly sales figures in the attached document.
00000210,inbox,olga.petrova@atlas.com,Weekly Report,2023-11-06 10:45:43,Attached is the weekly report for your review.
00000344,inbox,kofi.mensah@atlas.com,Staff Roster for Next Week,2023-11-06 12:44:16,Attached is the staff roster for next week.
00000203,inbox,olga.petrova@atlas.com,Meeting Request,2023-11-06 13:14:57,Please find attached the details for our next meeting.
00000115,inbox,raj.patel@atlas.com,Press Release Draft,2023-11-06 14:05:33,Please review the attached draft of our upcoming press release.
00000074,inbox,leila.azizi@atlas.com,New Policy Update,2023-11-06 15:25:45,We have updated our policy. Please read the attached document for details.
00000098,inbox,olga.petrova@atlas.com,Reminder: Event Tomorrow,2023-11-06 15:49:36,This is a reminder that the event is scheduled for tomorrow.
00000497,inbox,chenwei.zhang@atlas.com,Meeting Request,2023-11-07 09:15:04,Please find attached the details for our next meeting.
00000260,inbox,aisha.chen@atlas.com,IT System Upgrade Schedule,2023-11-07 11:05:19,Please review the schedule for the upcoming IT system upgrade.
00000227,inbox,sofia.santos@atlas.com,Budget Approval Request,2023-11-07 11:38:03,Please review and approve the attached budget proposal.
00000417,inbox,raj.patel@atlas.com,Staff Roster for Next Week,2023-11-07 12:37:15,Attached is the staff roster for next week.
00000198,inbox,fatima.khan@atlas.com,Press Release Draft,2023-11-07 13:31:49,Please review the attached draft of our upcoming press release.
00000303,inbox,santiago.martinez@atlas.com,Project Update,2023-11-07 13:56:46,Here is the update on the current project.
00000416,inbox,sofia.santos@atlas.com,Monthly Sales Figures,2023-11-08 09:26:03,Please find the monthly sales figures in the attached document.
00000132,inbox,raj.patel@atlas.com,Invoice Attached,2023-11-08 10:16:40,Attached is the invoice for the recent transaction.
00000387,inbox,jinsoo.kim@atlas.com,New Policy Update,2023-11-08 11:06:40,We have updated our policy. Please read the attached document for details.
00000245,inbox,yuki.tanaka@atlas.com,Budget Approval Request,2023-11-08 11:07:17,Please review and approve the attached budget proposal.
00000492,inbox,santiago.martinez@atlas.com,Health and Safety Update,2023-11-08 11:30:57,Find the latest health and safety guidelines attached.
00000200,inbox,amir.ali@atlas.com,IT System Upgrade Schedule,2023-11-08 11:38:27,Please review the schedule for the upcoming IT system upgrade.
00000428,inbox,fatima.khan@atlas.com,Urgent: Server Downtime,2023-11-08 14:43:41,Please be aware of the unplanned server downtime occurring tonight.
00000209,inbox,chenwei.zhang@atlas.com,Training Session Confirmation,2023-11-08 15:55:43,Your registration for the upcoming training session is confirmed.
00000398,inbox,yuki.tanaka@atlas.com,Press Release Draft,2023-11-09 10:35:08,Please review the attached draft of our upcoming press release.
00000331,inbox,luis.ortiz@atlas.com,Health and Safety Update,2023-11-09 10:39:19,Find the latest health and safety guidelines attached.
00000184,inbox,nia.johnson@atlas.com,Reminder: Event Tomorrow,2023-11-09 10:57:36,This is a reminder that the event is scheduled for tomorrow.
00000307,inbox,akira.sato@atlas.com,Weekly Report,2023-11-09 12:34:07,Attached is the weekly report for your review.
00000357,inbox,jinsoo.kim@atlas.com,Meeting Rescheduled,2023-11-09 13:19:33,Please note the change in the meeting date and time.
00000125,inbox,anaya.patel@atlas.com,Customer Feedback Summary,2023-11-09 13:45:21,Attached is the summary of customer feedback from last month.
00000289,inbox,amir.ali@atlas.com,Budget Approval Request,2023-11-09 15:06:31,Please review and approve the attached budget proposal.
00000088,inbox,lena.schmidt@atlas.com,Urgent: Server Downtime,2023-11-09 15:09:23,Please be aware of the unplanned server downtime occurring tonight.
00000314,inbox,leila.azizi@atlas.com,Monthly Sales Figures,2023-11-09 15:34:49,Please find the monthly sales figures in the attached document.
00000064,inbox,leila.azizi@atlas.com,Holiday Schedule Confirmation,2023-11-09 15:39:24,Confirming the holiday schedule as discussed.
00000276,inbox,fatima.khan@atlas.com,New Policy Update,2023-11-09 15:50:59,We have updated our policy. Please read the attached document for details.
00000272,inbox,dmitri.ivanov@atlas.com,New Policy Update,2023-11-10 10:58:19,We have updated our policy. Please read the attached document for details.
00000094,inbox,lena.schmidt@atlas.com,Weekly Report,2023-11-10 12:46:48,Attached is the weekly report for your review.
00000393,inbox,jinsoo.kim@atlas.com,Employee Satisfaction Survey Results,2023-11-10 13:28:34,The results of the recent employee satisfaction survey are attached.
00000028,inbox,luis.ortiz@atlas.com,Staff Roster for Next Week,2023-11-10 14:11:23,Attached is the staff roster for next week.
00000267,inbox,nia.johnson@atlas.com,Invoice Attached,2023-11-10 14:38:25,Attached is the invoice for the recent transaction.
00000391,inbox,akira.sato@atlas.com,Holiday Schedule Confirmation,2023-11-10 15:18:28,Confirming the holiday schedule as discussed.
00000412,inbox,anaya.patel@atlas.com,Customer Feedback Summary,2023-11-11 09:02:31,Attached is the summary of customer feedback from last month.
00000140,inbox,lena.schmidt@atlas.com,Reminder: Event Tomorrow,2023-11-11 09:23:22,This is a reminder that the event is scheduled for tomorrow.
00000192,inbox,nia.johnson@atlas.com,IT System Upgrade Schedule,2023-11-11 10:49:06,Please review the schedule for the upcoming IT system upgrade.
00000361,inbox,anaya.patel@atlas.com,Travel Itinerary Details,2023-11-11 10:58:16,Attached are the details of your travel itinerary.
00000329,inbox,chenwei.zhang@atlas.com,Monthly Sales Figures,2023-11-11 12:05:35,Please find the monthly sales figures in the attached document.
00000265,inbox,akira.sato@atlas.com,Holiday Schedule Confirmation,2023-11-11 12:27:17,Confirming the holiday schedule as discussed.
00000425,inbox,amir.ali@atlas.com,Budget Approval Request,2023-11-11 13:33:43,Please review and approve the attached budget proposal.
00000475,inbox,dmitri.ivanov@atlas.com,New Policy Update,2023-11-11 14:39:01,We have updated our policy. Please read the attached document for details.
00000117,inbox,leila.azizi@atlas.com,Invoice Attached,2023-11-12 09:41:51,Attached is the invoice for the recent transaction.
00000002,inbox,sofia.santos@atlas.com,Health and Safety Update,2023-11-12 10:09:35,Find the latest health and safety guidelines attached.
00000264,inbox,jinsoo.kim@atlas.com,Employee Satisfaction Survey Results,2023-11-12 10:26:09,The results of the recent employee satisfaction survey are attached.
00000263,inbox,kofi.mensah@atlas.com,Holiday Schedule Confirmation,2023-11-12 10:54:57,Confirming the holiday schedule as discussed.
00000057,inbox,lena.schmidt@atlas.com,Meeting Rescheduled,2023-11-12 11:36:43,Please note the change in the meeting date and time.
00000474,inbox,olga.petrova@atlas.com,New Policy Update,2023-11-12 11:47:21,We have updated our policy. Please read the attached document for details.
00000231,inbox,olga.petrova@atlas.com,Staff Roster for Next Week,2023-11-12 12:29:35,Attached is the staff roster for next week.
00000298,inbox,dmitri.ivanov@atlas.com,Urgent: Server Downtime,2023-11-12 13:02:10,Please be aware of the unplanned server downtime occurring tonight.
00000061,inbox,amir.ali@atlas.com,Client Meeting Follow-up,2023-11-12 15:56:09,Here is a summary of the points discussed in our recent client meeting.
00000408,inbox,dmitri.ivanov@atlas.com,Health and Safety Update,2023-11-13 10:17:02,Find the latest health and safety guidelines attached.
00000359,inbox,leila.azizi@atlas.com,Staff Roster for Next Week,2023-11-13 10:21:27,Attached is the staff roster for next week.
00000468,inbox,aisha.chen@atlas.com,Employee Satisfaction Survey Results,2023-11-13 10:28:08,The results of the recent employee satisfaction survey are attached.
00000005,inbox,kofi.mensah@atlas.com,Monthly Sales Figures,2023-11-13 11:31:38,Please find the monthly sales figures in the attached document.
00000343,inbox,luis.ortiz@atlas.com,Urgent: Server Downtime,2023-11-13 11:40:12,Please be aware of the unplanned server downtime occurring tonight.
00000420,inbox,santiago.martinez@atlas.com,Reminder: Event Tomorrow,2023-11-13 11:44:58,This is a reminder that the event is scheduled for tomorrow.
00000439,inbox,kofi.mensah@atlas.com,Press Release Draft,2023-11-13 12:09:00,Please review the attached draft of our upcoming press release.
00000325,inbox,anaya.patel@atlas.com,Meeting Rescheduled,2023-11-13 13:01:40,Please note the change in the meeting date and time.
00000160,inbox,leila.azizi@atlas.com,Invoice Attached,2023-11-13 13:09:35,Attached is the invoice for the recent transaction.
00000302,inbox,raj.patel@atlas.com,Weekly Report,2023-11-13 13:28:19,Attached is the weekly report for your review.
00000403,inbox,dmitri.ivanov@atlas.com,Customer Feedback Summary,2023-11-13 13:31:23,Attached is the summary of customer feedback from last month.
00000104,inbox,olga.petrova@atlas.com,Project Update,2023-11-13 13:31:30,Here is the update on the current project.
00000027,inbox,lena.schmidt@atlas.com,Training Session Confirmation,2023-11-13 13:46:20,Your registration for the upcoming training session is confirmed.
00000499,inbox,chenwei.zhang@atlas.com,Monthly Sales Figures,2023-11-14 09:19:58,Please find the monthly sales figures in the attached document.
00000385,inbox,sofia.santos@atlas.com,Press Release Draft,2023-11-14 09:34:57,Please review the attached draft of our upcoming press release.
00000480,inbox,fatima.khan@atlas.com,Client Meeting Follow-up,2023-11-14 10:07:13,Here is a summary of the points discussed in our recent client meeting.
00000464,inbox,nia.johnson@atlas.com,Reminder: Event Tomorrow,2023-11-14 10:07:31,This is a reminder that the event is scheduled for tomorrow.
00000223,inbox,fatima.khan@atlas.com,Health and Safety Update,2023-11-14 10:57:11,Find the latest health and safety guidelines attached.
00000123,inbox,jinsoo.kim@atlas.com,IT System Upgrade Schedule,2023-11-14 11:19:48,Please review the schedule for the upcoming IT system upgrade.
00000390,inbox,chenwei.zhang@atlas.com,Meeting Request,2023-11-14 12:04:22,Please find attached the details for our next meeting.
00000122,inbox,olga.petrova@atlas.com,Travel Itinerary Details,2023-11-14 12:11:16,Attached are the details of your travel itinerary.
00000095,inbox,raj.patel@atlas.com,Invoice Attached,2023-11-14 12:17:09,Attached is the invoice for the recent transaction.
00000443,inbox,luis.ortiz@atlas.com,Employee Satisfaction Survey Results,2023-11-14 12:32:42,The results of the recent employee satisfaction survey are attached.
00000254,inbox,raj.patel@atlas.com,Training Session Confirmation,2023-11-14 14:15:06,Your registration for the upcoming training session is confirmed.
00000435,inbox,anaya.patel@atlas.com,Customer Feedback Summary,2023-11-14 14:41:39,Attached is the summary of customer feedback from last month.
00000013,inbox,dmitri.ivanov@atlas.com,Meeting Request,2023-11-15 09:04:59,Please find attached the details for our next meeting.
00000107,inbox,dmitri.ivanov@atlas.com,New Policy Update,2023-11-15 09:36:46,We have updated our policy. Please read the attached document for details.
00000075,inbox,olga.petrova@atlas.com,Employee Satisfaction Survey Results,2023-11-15 11:06:10,The results of the recent employee satisfaction survey are attached.
00000007,inbox,luis.ortiz@atlas.com,Holiday Schedule Confirmation,2023-11-15 11:53:31,Confirming the holiday schedule as discussed.
00000388,inbox,santiago.martinez@atlas.com,Urgent: Server Downtime,2023-11-15 13:51:34,Please be aware of the unplanned server downtime occurring tonight.
00000346,inbox,aisha.chen@atlas.com,Customer Feedback Summary,2023-11-15 14:43:47,Attached is the summary of customer feedback from last month.
00000216,inbox,carlos.rodriguez@atlas.com,Budget Approval Request,2023-11-15 14:51:18,Please review and approve the attached budget proposal.
00000166,inbox,carlos.rodriguez@atlas.com,Project Update,2023-11-15 15:58:05,Here is the update on the current project.
00000191,inbox,nadia.moreau@atlas.com,Budget Approval Request,2023-11-16 11:52:22,Please review and approve the attached budget proposal.
00000047,inbox,nadia.moreau@atlas.com,Holiday Schedule Confirmation,2023-11-16 12:04:55,Confirming the holiday schedule as discussed.
00000259,inbox,sofia.santos@atlas.com,Travel Itinerary Details,2023-11-16 13:53:00,Attached are the details of your travel itinerary.
00000219,inbox,aisha.chen@atlas.com,Press Release Draft,2023-11-16 14:38:52,Please review the attached draft of our upcoming press release.
00000380,inbox,kofi.mensah@atlas.com,Health and Safety Update,2023-11-16 15:47:07,Find the latest health and safety guidelines attached.
00000315,inbox,kofi.mensah@atlas.com,Budget Approval Request,2023-11-17 09:46:45,Please review and approve the attached budget proposal.
00000482,inbox,kofi.mensah@atlas.com,Holiday Schedule Confirmation,2023-11-17 11:09:47,Confirming the holiday schedule as discussed.
00000063,inbox,olga.petrova@atlas.com,Health and Safety Update,2023-11-17 11:31:34,Find the latest health and safety guidelines attached.
00000295,inbox,olga.petrova@atlas.com,Monthly Sales Figures,2023-11-17 12:01:10,Please find the monthly sales figures in the attached document.
00000488,inbox,luis.ortiz@atlas.com,IT System Upgrade Schedule,2023-11-17 12:15:36,Please review the schedule for the upcoming IT system upgrade.
00000362,inbox,jinsoo.kim@atlas.com,Urgent: Server Downtime,2023-11-17 12:45:35,Please be aware of the unplanned server downtime occurring tonight.
00000102,inbox,carlos.rodriguez@atlas.com,Invoice Attached,2023-11-17 13:19:20,Attached is the invoice for the recent transaction.
00000149,inbox,leila.azizi@atlas.com,Weekly Report,2023-11-17 13:53:47,Attached is the weekly report for your review.
00000309,inbox,luis.ortiz@atlas.com,Travel Itinerary Details,2023-11-17 14:05:50,Attached are the details of your travel itinerary.
00000103,inbox,aisha.chen@atlas.com,Client Meeting Follow-up,2023-11-17 15:07:39,Here is a summary of the points discussed in our recent client meeting.
00000458,inbox,lena.schmidt@atlas.com,Employee Satisfaction Survey Results,2023-11-17 15:11:20,The results of the recent employee satisfaction survey are attached.
00000228,inbox,lena.schmidt@atlas.com,Staff Roster for Next Week,2023-11-17 15:45:57,Attached is the staff roster for next week.
00000379,inbox,lena.schmidt@atlas.com,IT System Upgrade Schedule,2023-11-18 09:01:24,Please review the schedule for the upcoming IT system upgrade.
00000041,inbox,carlos.rodriguez@atlas.com,Meeting Request,2023-11-18 10:04:22,Please find attached the details for our next meeting.
00000156,inbox,carlos.rodriguez@atlas.com,Urgent: Server Downtime,2023-11-18 10:48:49,Please be aware of the unplanned server downtime occurring tonight.
00000220,inbox,amir.ali@atlas.com,Staff Roster for Next Week,2023-11-18 11:10:44,Attached is the staff roster for next week.
00000100,inbox,luis.ortiz@atlas.com,Client Meeting Follow-up,2023-11-18 11:40:28,Here is a summary of the points discussed in our recent client meeting.
00000334,inbox,olga.petrova@atlas.com,Employee Satisfaction Survey Results,2023-11-18 11:56:09,The results of the recent employee satisfaction survey are attached.
00000426,inbox,jinsoo.kim@atlas.com,Holiday Schedule Confirmation,2023-11-19 09:48:51,Confirming the holiday schedule as discussed.
00000182,inbox,dmitri.ivanov@atlas.com,Customer Feedback Summary,2023-11-19 10:31:07,Attached is the summary of customer feedback from last month.
00000441,inbox,kofi.mensah@atlas.com,Weekly Report,2023-11-19 13:23:59,Attached is the weekly report for your review.
00000162,inbox,fatima.khan@atlas.com,Staff Roster for Next Week,2023-11-19 13:34:11,Attached is the staff roster for next week.
00000029,inbox,fatima.khan@atlas.com,Meeting Rescheduled,2023-11-19 13:46:24,Please note the change in the meeting date and time.
00000333,inbox,akira.sato@atlas.com,Urgent: Server Downtime,2023-11-19 14:46:06,Please be aware of the unplanned server downtime occurring tonight.
00000421,inbox,olga.petrova@atlas.com,New Policy Update,2023-11-19 14:46:41,We have updated our policy. Please read the attached document for details.
00000026,inbox,luis.ortiz@atlas.com,Monthly Sales Figures,2023-11-19 15:02:44,Please find the monthly sales figures in the attached document.
00000338,inbox,nia.johnson@atlas.com,Monthly Sales Figures,2023-11-20 09:12:00,Please find the monthly sales figures in the attached document.
00000491,inbox,jinsoo.kim@atlas.com,Staff Roster for Next Week,2023-11-20 09:19:08,Attached is the staff roster for next week.
00000452,inbox,dmitri.ivanov@atlas.com,Client Meeting Follow-up,2023-11-20 10:04:17,Here is a summary of the points discussed in our recent client meeting.
00000186,inbox,lena.schmidt@atlas.com,Meeting Rescheduled,2023-11-20 10:36:19,Please note the change in the meeting date and time.
00000466,inbox,raj.patel@atlas.com,Urgent: Server Downtime,2023-11-20 10:38:40,Please be aware of the unplanned server downtime occurring tonight.
00000011,inbox,santiago.martinez@atlas.com,Meeting Request,2023-11-20 11:48:07,Please find attached the details for our next meeting.
00000217,inbox,chenwei.zhang@atlas.com,Reminder: Event Tomorrow,2023-11-20 12:46:35,This is a reminder that the event is scheduled for tomorrow.
00000105,inbox,luis.ortiz@atlas.com,Employee Satisfaction Survey Results,2023-11-20 13:43:31,The results of the recent employee satisfaction survey are attached.
00000229,inbox,yuki.tanaka@atlas.com,Travel Itinerary Details,2023-11-20 13:44:14,Attached are the details of your travel itinerary.
00000153,inbox,chenwei.zhang@atlas.com,New Policy Update,2023-11-21 09:32:54,We have updated our policy. Please read the attached document for details.
00000082,inbox,aisha.chen@atlas.com,Customer Feedback Summary,2023-11-21 09:54:07,Attached is the summary of customer feedback from last month.
00000395,inbox,anaya.patel@atlas.com,Monthly Sales Figures,2023-11-21 10:09:22,Please find the monthly sales figures in the attached document.
00000137,inbox,akira.sato@atlas.com,Training Session Confirmation,2023-11-21 11:22:50,Your registration for the upcoming training session is confirmed.
00000172,inbox,yuki.tanaka@atlas.com,IT System Upgrade Schedule,2023-11-21 11:55:21,Please review the schedule for the upcoming IT system upgrade.
00000052,inbox,nia.johnson@atlas.com,Urgent: Server Downtime,2023-11-21 12:34:51,Please be aware of the unplanned server downtime occurring tonight.
00000460,inbox,sofia.santos@atlas.com,Budget Approval Request,2023-11-21 12:38:57,Please review and approve the attached budget proposal.
00000262,inbox,jinsoo.kim@atlas.com,Reminder: Event Tomorrow,2023-11-21 12:47:07,This is a reminder that the event is scheduled for tomorrow.
00000012,inbox,leila.azizi@atlas.com,Meeting Request,2023-11-21 12:55:07,Please find attached the details for our next meeting.
00000414,inbox,fatima.khan@atlas.com,Press Release Draft,2023-11-21 13:26:00,Please review the attached draft of our upcoming press release.
00000320,inbox,amir.ali@atlas.com,Meeting Rescheduled,2023-11-22 09:04:17,Please note the change in the meeting date and time.
00000151,inbox,luis.ortiz@atlas.com,Customer Feedback Summary,2023-11-22 09:35:20,Attached is the summary of customer feedback from last month.
00000384,inbox,nia.johnson@atlas.com,New Policy Update,2023-11-22 13:34:29,We have updated our policy. Please read the attached document for details.
00000283,inbox,aisha.chen@atlas.com,Holiday Schedule Confirmation,2023-11-22 13:48:46,Confirming the holiday schedule as discussed.
00000347,inbox,nadia.moreau@atlas.com,Project Update,2023-11-22 13:57:08,Here is the update on the current project.
00000249,inbox,kofi.mensah@atlas.com,Staff Roster for Next Week,2023-11-22 14:21:33,Attached is the staff roster for next week.
00000349,inbox,amir.ali@atlas.com,Invoice Attached,2023-11-22 14:35:17,Attached is the invoice for the recent transaction.
00000364,inbox,sofia.santos@atlas.com,Employee Satisfaction Survey Results,2023-11-22 14:54:16,The results of the recent employee satisfaction survey are attached.
00000048,inbox,dmitri.ivanov@atlas.com,Reminder: Event Tomorrow,2023-11-23 09:00:53,This is a reminder that the event is scheduled for tomorrow.
00000323,inbox,lena.schmidt@atlas.com,Employee Satisfaction Survey Results,2023-11-23 09:06:41,The results of the recent employee satisfaction survey are attached.
00000252,inbox,santiago.martinez@atlas.com,Client Meeting Follow-up,2023-11-23 10:16:37,Here is a summary of the points discussed in our recent client meeting.
00000092,inbox,nadia.moreau@atlas.com,Meeting Rescheduled,2023-11-23 12:01:37,Please note the change in the meeting date and time.
00000053,inbox,nia.johnson@atlas.com,Training Session Confirmation,2023-11-23 13:10:05,Your registration for the upcoming training session is confirmed.
00000330,inbox,chenwei.zhang@atlas.com,Urgent: Server Downtime,2023-11-23 13:40:09,Please be aware of the unplanned server downtime occurring tonight.
00000016,inbox,carlos.rodriguez@atlas.com,Project Update,2023-11-23 15:21:50,Here is the update on the current project.
00000127,inbox,kofi.mensah@atlas.com,IT System Upgrade Schedule,2023-11-23 15:27:27,Please review the schedule for the upcoming IT system upgrade.
00000297,inbox,nadia.moreau@atlas.com,Meeting Rescheduled,2023-11-24 10:26:40,Please note the change in the meeting date and time.
00000246,inbox,chenwei.zhang@atlas.com,Press Release Draft,2023-11-24 11:25:50,Please review the attached draft of our upcoming press release.
00000496,inbox,akira.sato@atlas.com,Client Meeting Follow-up,2023-11-24 14:08:21,Here is a summary of the points discussed in our recent client meeting.
00000437,inbox,anaya.patel@atlas.com,Meeting Request,2023-11-24 14:16:56,Please find attached the details for our next meeting.
00000319,inbox,olga.petrova@atlas.com,IT System Upgrade Schedule,2023-11-24 14:37:52,Please review the schedule for the upcoming IT system upgrade.
00000472,inbox,anaya.patel@atlas.com,Project Update,2023-11-24 14:40:27,Here is the update on the current project.
00000078,inbox,olga.petrova@atlas.com,Budget Approval Request,2023-11-24 15:24:19,Please review and approve the attached budget proposal.
00000022,inbox,raj.patel@atlas.com,New Policy Update,2023-11-24 15:31:36,We have updated our policy. Please read the attached document for details.
00000258,inbox,luis.ortiz@atlas.com,Employee Satisfaction Survey Results,2023-11-24 15:42:43,The results of the recent employee satisfaction survey are attached.
00000367,inbox,olga.petrova@atlas.com,Invoice Attached,2023-11-24 15:56:16,Attached is the invoice for the recent transaction.
00000168,inbox,leila.azizi@atlas.com,IT System Upgrade Schedule,2023-11-25 09:48:39,Please review the schedule for the upcoming IT system upgrade.
00000449,inbox,fatima.khan@atlas.com,Client Meeting Follow-up,2023-11-25 10:40:35,Here is a summary of the points discussed in our recent client meeting.
00000222,inbox,fatima.khan@atlas.com,Urgent: Server Downtime,2023-11-25 10:47:19,Please be aware of the unplanned server downtime occurring tonight.
00000171,inbox,lena.schmidt@atlas.com,Monthly Sales Figures,2023-11-25 11:15:01,Please find the monthly sales figures in the attached document.
00000372,inbox,nadia.moreau@atlas.com,Press Release Draft,2023-11-25 13:07:15,Please review the attached draft of our upcoming press release.
00000241,inbox,akira.sato@atlas.com,Meeting Request,2023-11-25 13:48:59,Please find attached the details for our next meeting.
00000142,inbox,anaya.patel@atlas.com,Invoice Attached,2023-11-25 14:46:34,Attached is the invoice for the recent transaction.
00000360,inbox,yuki.tanaka@atlas.com,Travel Itinerary Details,2023-11-25 15:01:23,Attached are the details of your travel itinerary.
00000292,inbox,akira.sato@atlas.com,Health and Safety Update,2023-11-25 15:05:55,Find the latest health and safety guidelines attached.
00000050,inbox,santiago.martinez@atlas.com,Customer Feedback Summary,2023-11-25 15:36:02,Attached is the summary of customer feedback from last month.
00000453,inbox,amir.ali@atlas.com,Urgent: Server Downtime,2023-11-26 10:52:13,Please be aware of the unplanned server downtime occurring tonight.
00000128,inbox,nadia.moreau@atlas.com,Holiday Schedule Confirmation,2023-11-26 11:07:18,Confirming the holiday schedule as discussed.
00000181,inbox,carlos.rodriguez@atlas.com,Staff Roster for Next Week,2023-11-26 12:15:24,Attached is the staff roster for next week.
00000179,inbox,lena.schmidt@atlas.com,Press Release Draft,2023-11-26 15:15:32,Please review the attached draft of our upcoming press release.
00000317,inbox,nia.johnson@atlas.com,Client Meeting Follow-up,2023-11-27 09:12:54,Here is a summary of the points discussed in our recent client meeting.
00000148,inbox,yuki.tanaka@atlas.com,Meeting Request,2023-11-27 09:55:54,Please find attached the details for our next meeting.
00000312,inbox,luis.ortiz@atlas.com,Budget Approval Request,2023-11-27 10:03:50,Please review and approve the attached budget proposal.
00000165,inbox,carlos.rodriguez@atlas.com,Monthly Sales Figures,2023-11-27 10:08:16,Please find the monthly sales figures in the attached document.
00000062,inbox,anaya.patel@atlas.com,Reminder: Event Tomorrow,2023-11-27 10:36:36,This is a reminder that the event is scheduled for tomorrow.
00000383,inbox,olga.petrova@atlas.com,Health and Safety Update,2023-11-27 11:25:56,Find the latest health and safety guidelines attached.
00000274,inbox,kofi.mensah@atlas.com,Invoice Attached,2023-11-27 11:44:11,Attached is the invoice for the recent transaction.
00000251,inbox,amir.ali@atlas.com,Employee Satisfaction Survey Results,2023-11-27 14:07:00,The results of the recent employee satisfaction survey are attached.
00000175,inbox,olga.petrova@atlas.com,IT System Upgrade Schedule,2023-11-27 15:12:55,Please review the schedule for the upcoming IT system upgrade.
00000485,inbox,aisha.chen@atlas.com,Customer Feedback Summary,2023-11-27 15:26:24,Attached is the summary of customer feedback from last month.
00000354,inbox,jinsoo.kim@atlas.com,Urgent: Server Downtime,2023-11-28 09:16:30,Please be aware of the unplanned server downtime occurring tonight.
00000487,inbox,dmitri.ivanov@atlas.com,Press Release Draft,2023-11-28 11:26:47,Please review the attached draft of our upcoming press release.
00000232,inbox,jinsoo.kim@atlas.com,New Policy Update,2023-11-28 11:54:48,We have updated our policy. Please read the attached document for details.
00000006,inbox,santiago.martinez@atlas.com,Meeting Rescheduled,2023-11-28 12:43:19,Please note the change in the meeting date and time.
00000042,inbox,jinsoo.kim@atlas.com,Weekly Report,2023-11-28 12:49:13,Attached is the weekly report for your review.
00000000,inbox,aisha.chen@atlas.com,Project Update,2023-11-28 13:32:11,Here is the update on the current project.
00000447,inbox,aisha.chen@atlas.com,Travel Itinerary Details,2023-11-28 13:45:36,Attached are the details of your travel itinerary.
00000368,inbox,santiago.martinez@atlas.com,Reminder: Event Tomorrow,2023-11-28 13:51:50,This is a reminder that the event is scheduled for tomorrow.
00000345,inbox,amir.ali@atlas.com,IT System Upgrade Schedule,2023-11-28 15:02:02,Please review the schedule for the upcoming IT system upgrade.
00000131,inbox,luis.ortiz@atlas.com,New Policy Update,2023-11-29 09:09:01,We have updated our policy. Please read the attached document for details.
00000336,inbox,raj.patel@atlas.com,Urgent: Server Downtime,2023-11-29 09:32:50,Please be aware of the unplanned server downtime occurring tonight.
00000287,inbox,raj.patel@atlas.com,Invoice Attached,2023-11-29 10:05:52,Attached is the invoice for the recent transaction.
00000427,inbox,aisha.chen@atlas.com,Budget Approval Request,2023-11-29 11:11:56,Please review and approve the attached budget proposal.
00000286,inbox,carlos.rodriguez@atlas.com,Training Session Confirmation,2023-11-29 11:48:42,Your registration for the upcoming training session is confirmed.
00000399,inbox,sofia.santos@atlas.com,Employee Satisfaction Survey Results,2023-11-29 12:00:51,The results of the recent employee satisfaction survey are attached.
00000193,inbox,raj.patel@atlas.com,Press Release Draft,2023-11-29 13:31:35,Please review the attached draft of our upcoming press release.
00000275,inbox,anaya.patel@atlas.com,Client Meeting Follow-up,2023-11-29 14:54:03,Here is a summary of the points discussed in our recent client meeting.
00000409,inbox,anaya.patel@atlas.com,Monthly Sales Figures,2023-11-29 15:03:07,Please find the monthly sales figures in the attached document.
00000018,inbox,santiago.martinez@atlas.com,Meeting Request,2023-11-29 15:04:21,Please find attached the details for our next meeting.
00000097,inbox,dmitri.ivanov@atlas.com,Staff Roster for Next Week,2023-11-29 15:55:14,Attached is the staff roster for next week.
